class	path
org.apache.cxf.bus.extension.Extension	/home/nima/Desktop/taint-docker/table4/annotator/cxf/core/src/main/java/org/apache/cxf/bus/extension/Extension.java
org.apache.cxf.Bus	/home/nima/Desktop/taint-docker/table4/annotator/cxf/core/src/main/java/org/apache/cxf/Bus.java
org.apache.cxf.Bus$BusState	/home/nima/Desktop/taint-docker/table4/annotator/cxf/core/src/main/java/org/apache/cxf/Bus.java
org.apache.cxf.interceptor.InterceptorProvider	/home/nima/Desktop/taint-docker/table4/annotator/cxf/core/src/main/java/org/apache/cxf/interceptor/InterceptorProvider.java
org.apache.cxf.feature.Feature	/home/nima/Desktop/taint-docker/table4/annotator/cxf/core/src/main/java/org/apache/cxf/feature/Feature.java
org.apache.cxf.endpoint.Server	/home/nima/Desktop/taint-docker/table4/annotator/cxf/core/src/main/java/org/apache/cxf/endpoint/Server.java
org.apache.cxf.endpoint.Client	/home/nima/Desktop/taint-docker/table4/annotator/cxf/core/src/main/java/org/apache/cxf/endpoint/Client.java
org.apache.cxf.endpoint.Client$Contexts	/home/nima/Desktop/taint-docker/table4/annotator/cxf/core/src/main/java/org/apache/cxf/endpoint/Client.java
org.apache.cxf.endpoint.Client$1	/home/nima/Desktop/taint-docker/table4/annotator/cxf/core/src/main/java/org/apache/cxf/endpoint/Client.java
org.apache.cxf.transport.MessageObserver	/home/nima/Desktop/taint-docker/table4/annotator/cxf/core/src/main/java/org/apache/cxf/transport/MessageObserver.java
org.apache.cxf.endpoint.ConduitSelectorHolder	/home/nima/Desktop/taint-docker/table4/annotator/cxf/core/src/main/java/org/apache/cxf/endpoint/ConduitSelectorHolder.java
org.apache.cxf.service.model.BindingOperationInfo	/home/nima/Desktop/taint-docker/table4/annotator/cxf/core/src/main/java/org/apache/cxf/service/model/BindingOperationInfo.java
org.apache.cxf.service.model.AbstractPropertiesHolder	/home/nima/Desktop/taint-docker/table4/annotator/cxf/core/src/main/java/org/apache/cxf/service/model/AbstractPropertiesHolder.java
org.apache.cxf.service.model.Extensible	/home/nima/Desktop/taint-docker/table4/annotator/cxf/core/src/main/java/org/apache/cxf/service/model/Extensible.java
org.apache.cxf.message.Exchange	/home/nima/Desktop/taint-docker/table4/annotator/cxf/core/src/main/java/org/apache/cxf/message/Exchange.java
org.apache.cxf.message.StringMap	/home/nima/Desktop/taint-docker/table4/annotator/cxf/core/src/main/java/org/apache/cxf/message/StringMap.java
org.apache.cxf.endpoint.ClientCallback	/home/nima/Desktop/taint-docker/table4/annotator/cxf/core/src/main/java/org/apache/cxf/endpoint/ClientCallback.java
org.apache.cxf.endpoint.Endpoint	/home/nima/Desktop/taint-docker/table4/annotator/cxf/core/src/main/java/org/apache/cxf/endpoint/Endpoint.java
org.apache.cxf.transport.Conduit	/home/nima/Desktop/taint-docker/table4/annotator/cxf/core/src/main/java/org/apache/cxf/transport/Conduit.java
org.apache.cxf.transport.Observable	/home/nima/Desktop/taint-docker/table4/annotator/cxf/core/src/main/java/org/apache/cxf/transport/Observable.java
org.apache.cxf.endpoint.ConduitSelector	/home/nima/Desktop/taint-docker/table4/annotator/cxf/core/src/main/java/org/apache/cxf/endpoint/ConduitSelector.java
org.apache.cxf.message.Message	/home/nima/Desktop/taint-docker/table4/annotator/cxf/core/src/main/java/org/apache/cxf/message/Message.java
org.apache.cxf.interceptor.InterceptorChain	/home/nima/Desktop/taint-docker/table4/annotator/cxf/core/src/main/java/org/apache/cxf/interceptor/InterceptorChain.java
org.apache.cxf.interceptor.InterceptorChain$State	/home/nima/Desktop/taint-docker/table4/annotator/cxf/core/src/main/java/org/apache/cxf/interceptor/InterceptorChain.java
org.apache.cxf.interceptor.Interceptor	/home/nima/Desktop/taint-docker/table4/annotator/cxf/core/src/main/java/org/apache/cxf/interceptor/Interceptor.java
org.apache.cxf.transport.Destination	/home/nima/Desktop/taint-docker/table4/annotator/cxf/core/src/main/java/org/apache/cxf/transport/Destination.java
org.apache.cxf.message.Attachment	/home/nima/Desktop/taint-docker/table4/annotator/cxf/core/src/main/java/org/apache/cxf/message/Attachment.java
org.apache.cxf.ws.addressing.EndpointReferenceType	/home/nima/Desktop/taint-docker/table4/annotator/cxf/core/target/generated-sources/cxf-xjc-plugin/org/apache/cxf/ws/addressing/EndpointReferenceType.java
org.apache.cxf.ws.addressing.AttributedURIType	/home/nima/Desktop/taint-docker/table4/annotator/cxf/core/target/generated-sources/cxf-xjc-plugin/org/apache/cxf/ws/addressing/AttributedURIType.java
org.apache.cxf.ws.addressing.ReferenceParametersType	/home/nima/Desktop/taint-docker/table4/annotator/cxf/core/target/generated-sources/cxf-xjc-plugin/org/apache/cxf/ws/addressing/ReferenceParametersType.java
org.apache.cxf.ws.addressing.MetadataType	/home/nima/Desktop/taint-docker/table4/annotator/cxf/core/target/generated-sources/cxf-xjc-plugin/org/apache/cxf/ws/addressing/MetadataType.java
org.apache.cxf.interceptor.Fault	/home/nima/Desktop/taint-docker/table4/annotator/cxf/core/src/main/java/org/apache/cxf/interceptor/Fault.java
org.apache.cxf.common.i18n.UncheckedException	/home/nima/Desktop/taint-docker/table4/annotator/cxf/core/src/main/java/org/apache/cxf/common/i18n/UncheckedException.java
org.apache.cxf.common.i18n.Message	/home/nima/Desktop/taint-docker/table4/annotator/cxf/core/src/main/java/org/apache/cxf/common/i18n/Message.java
org.apache.cxf.service.model.EndpointInfo	/home/nima/Desktop/taint-docker/table4/annotator/cxf/core/src/main/java/org/apache/cxf/service/model/EndpointInfo.java
org.apache.cxf.service.model.AbstractDescriptionElement	/home/nima/Desktop/taint-docker/table4/annotator/cxf/core/src/main/java/org/apache/cxf/service/model/AbstractDescriptionElement.java
org.apache.cxf.service.model.NamedItem	/home/nima/Desktop/taint-docker/table4/annotator/cxf/core/src/main/java/org/apache/cxf/service/model/NamedItem.java
org.apache.cxf.binding.Binding	/home/nima/Desktop/taint-docker/table4/annotator/cxf/core/src/main/java/org/apache/cxf/binding/Binding.java
org.apache.cxf.service.Service	/home/nima/Desktop/taint-docker/table4/annotator/cxf/core/src/main/java/org/apache/cxf/service/Service.java
org.apache.cxf.service.model.ServiceInfo	/home/nima/Desktop/taint-docker/table4/annotator/cxf/core/src/main/java/org/apache/cxf/service/model/ServiceInfo.java
org.apache.cxf.databinding.DataBinding	/home/nima/Desktop/taint-docker/table4/annotator/cxf/core/src/main/java/org/apache/cxf/databinding/DataBinding.java
org.apache.cxf.service.invoker.Invoker	/home/nima/Desktop/taint-docker/table4/annotator/cxf/core/src/main/java/org/apache/cxf/service/invoker/Invoker.java
org.apache.cxf.databinding.DataReader	/home/nima/Desktop/taint-docker/table4/annotator/cxf/core/src/main/java/org/apache/cxf/databinding/DataReader.java
org.apache.cxf.databinding.DataWriter	/home/nima/Desktop/taint-docker/table4/annotator/cxf/core/src/main/java/org/apache/cxf/databinding/DataWriter.java
org.apache.cxf.service.model.MessagePartInfo	/home/nima/Desktop/taint-docker/table4/annotator/cxf/core/src/main/java/org/apache/cxf/service/model/MessagePartInfo.java
org.apache.cxf.service.model.AbstractMessageContainer	/home/nima/Desktop/taint-docker/table4/annotator/cxf/core/src/main/java/org/apache/cxf/service/model/AbstractMessageContainer.java
org.apache.cxf.service.model.OperationInfo	/home/nima/Desktop/taint-docker/table4/annotator/cxf/core/src/main/java/org/apache/cxf/service/model/OperationInfo.java
org.apache.cxf.service.model.InterfaceInfo	/home/nima/Desktop/taint-docker/table4/annotator/cxf/core/src/main/java/org/apache/cxf/service/model/InterfaceInfo.java
org.apache.cxf.service.model.MessageInfo	/home/nima/Desktop/taint-docker/table4/annotator/cxf/core/src/main/java/org/apache/cxf/service/model/MessageInfo.java
org.apache.cxf.service.model.MessageInfo$Type	/home/nima/Desktop/taint-docker/table4/annotator/cxf/core/src/main/java/org/apache/cxf/service/model/MessageInfo.java
org.apache.cxf.service.model.FaultInfo	/home/nima/Desktop/taint-docker/table4/annotator/cxf/core/src/main/java/org/apache/cxf/service/model/FaultInfo.java
org.apache.cxf.service.model.DescriptionInfo	/home/nima/Desktop/taint-docker/table4/annotator/cxf/core/src/main/java/org/apache/cxf/service/model/DescriptionInfo.java
org.apache.cxf.service.model.BindingInfo	/home/nima/Desktop/taint-docker/table4/annotator/cxf/core/src/main/java/org/apache/cxf/service/model/BindingInfo.java
org.apache.cxf.service.model.SchemaInfo	/home/nima/Desktop/taint-docker/table4/annotator/cxf/core/src/main/java/org/apache/cxf/service/model/SchemaInfo.java
org.apache.cxf.common.xmlschema.SchemaCollection	/home/nima/Desktop/taint-docker/table4/annotator/cxf/core/src/main/java/org/apache/cxf/common/xmlschema/SchemaCollection.java
org.apache.cxf.service.model.ServiceSchemaInfo	/home/nima/Desktop/taint-docker/table4/annotator/cxf/core/src/main/java/org/apache/cxf/service/model/ServiceSchemaInfo.java
org.apache.cxf.transport.Session	/home/nima/Desktop/taint-docker/table4/annotator/cxf/core/src/main/java/org/apache/cxf/transport/Session.java
org.apache.cxf.service.model.BindingMessageInfo	/home/nima/Desktop/taint-docker/table4/annotator/cxf/core/src/main/java/org/apache/cxf/service/model/BindingMessageInfo.java
org.apache.cxf.service.model.BindingFaultInfo	/home/nima/Desktop/taint-docker/table4/annotator/cxf/core/src/main/java/org/apache/cxf/service/model/BindingFaultInfo.java
org.apache.cxf.annotations.SchemaValidation	/home/nima/Desktop/taint-docker/table4/annotator/cxf/core/src/main/java/org/apache/cxf/annotations/SchemaValidation.java
org.apache.cxf.annotations.SchemaValidation$SchemaValidationType	/home/nima/Desktop/taint-docker/table4/annotator/cxf/core/src/main/java/org/apache/cxf/annotations/SchemaValidation.java
org.apache.cxf.staxutils.validation.StaxSchemaValidationOutInterceptor	/home/nima/Desktop/taint-docker/table4/annotator/cxf/core/src/main/java/org/apache/cxf/staxutils/validation/StaxSchemaValidationOutInterceptor.java
org.apache.cxf.phase.AbstractPhaseInterceptor	/home/nima/Desktop/taint-docker/table4/annotator/cxf/core/src/main/java/org/apache/cxf/phase/AbstractPhaseInterceptor.java
org.apache.cxf.phase.PhaseInterceptor	/home/nima/Desktop/taint-docker/table4/annotator/cxf/core/src/main/java/org/apache/cxf/phase/PhaseInterceptor.java
org.apache.cxf.extension.Registry	/home/nima/Desktop/taint-docker/table4/annotator/cxf/core/src/main/java/org/apache/cxf/extension/Registry.java
org.apache.cxf.common.injection.ResourceInjector	/home/nima/Desktop/taint-docker/table4/annotator/cxf/core/src/main/java/org/apache/cxf/common/injection/ResourceInjector.java
org.apache.cxf.common.annotation.AbstractAnnotationVisitor	/home/nima/Desktop/taint-docker/table4/annotator/cxf/core/src/main/java/org/apache/cxf/common/annotation/AbstractAnnotationVisitor.java
org.apache.cxf.common.annotation.AnnotationVisitor	/home/nima/Desktop/taint-docker/table4/annotator/cxf/core/src/main/java/org/apache/cxf/common/annotation/AnnotationVisitor.java
org.apache.cxf.resource.ResourceManager	/home/nima/Desktop/taint-docker/table4/annotator/cxf/core/src/main/java/org/apache/cxf/resource/ResourceManager.java
org.apache.cxf.resource.ResourceResolver	/home/nima/Desktop/taint-docker/table4/annotator/cxf/core/src/main/java/org/apache/cxf/resource/ResourceResolver.java
org.apache.cxf.common.logging.RegexLoggingFilter	/home/nima/Desktop/taint-docker/table4/annotator/cxf/core/src/main/java/org/apache/cxf/common/logging/RegexLoggingFilter.java
org.apache.cxf.common.logging.RegexLoggingFilter$ReplaceRegEx	/home/nima/Desktop/taint-docker/table4/annotator/cxf/core/src/main/java/org/apache/cxf/common/logging/RegexLoggingFilter.java
org.apache.cxf.common.jaxb.JAXBContextCache	/home/nima/Desktop/taint-docker/table4/annotator/cxf/core/src/main/java/org/apache/cxf/common/jaxb/JAXBContextCache.java
org.apache.cxf.common.jaxb.JAXBContextCache$CachedContextAndSchemas	/home/nima/Desktop/taint-docker/table4/annotator/cxf/core/src/main/java/org/apache/cxf/common/jaxb/JAXBContextCache.java
org.apache.cxf.common.jaxb.JAXBContextCache$CachedContextAndSchemasInternal	/home/nima/Desktop/taint-docker/table4/annotator/cxf/core/src/main/java/org/apache/cxf/common/jaxb/JAXBContextCache.java
org.apache.cxf.common.util.CachedClass	/home/nima/Desktop/taint-docker/table4/annotator/cxf/core/src/main/java/org/apache/cxf/common/util/CachedClass.java
org.apache.cxf.configuration.security.AuthorizationPolicy	/home/nima/Desktop/taint-docker/table4/annotator/cxf/core/target/generated-sources/cxf-xjc-plugin/org/apache/cxf/configuration/security/AuthorizationPolicy.java
org.apache.cxf.transport.AbstractObservable	/home/nima/Desktop/taint-docker/table4/annotator/cxf/core/src/main/java/org/apache/cxf/transport/AbstractObservable.java
org.apache.cxf.common.util.ReflectionInvokationHandler	/home/nima/Desktop/taint-docker/table4/annotator/cxf/core/src/main/java/org/apache/cxf/common/util/ReflectionInvokationHandler.java
org.apache.cxf.common.util.ReflectionInvokationHandler$Optional	/home/nima/Desktop/taint-docker/table4/annotator/cxf/core/src/main/java/org/apache/cxf/common/util/ReflectionInvokationHandler.java
org.apache.cxf.common.util.ReflectionInvokationHandler$WrapReturn	/home/nima/Desktop/taint-docker/table4/annotator/cxf/core/src/main/java/org/apache/cxf/common/util/ReflectionInvokationHandler.java
org.apache.cxf.common.util.ReflectionInvokationHandler$UnwrapParam	/home/nima/Desktop/taint-docker/table4/annotator/cxf/core/src/main/java/org/apache/cxf/common/util/ReflectionInvokationHandler.java
org.apache.cxf.common.util.ReflectionInvokationHandler$WrapperIterator	/home/nima/Desktop/taint-docker/table4/annotator/cxf/core/src/main/java/org/apache/cxf/common/util/ReflectionInvokationHandler.java
org.apache.cxf.common.jaxb.JAXBUtils	/home/nima/Desktop/taint-docker/table4/annotator/cxf/core/src/main/java/org/apache/cxf/common/jaxb/JAXBUtils.java
org.apache.cxf.common.jaxb.JAXBUtils$IdentifierType	/home/nima/Desktop/taint-docker/table4/annotator/cxf/core/src/main/java/org/apache/cxf/common/jaxb/JAXBUtils.java
org.apache.cxf.common.jaxb.JAXBUtils$BridgeWrapper	/home/nima/Desktop/taint-docker/table4/annotator/cxf/core/src/main/java/org/apache/cxf/common/jaxb/JAXBUtils.java
org.apache.cxf.common.jaxb.JAXBUtils$1	/home/nima/Desktop/taint-docker/table4/annotator/cxf/core/src/main/java/org/apache/cxf/common/jaxb/JAXBUtils.java
org.apache.cxf.common.jaxb.JAXBUtils$2	/home/nima/Desktop/taint-docker/table4/annotator/cxf/core/src/main/java/org/apache/cxf/common/jaxb/JAXBUtils.java
org.apache.cxf.common.jaxb.JAXBUtils$DefaultClassNameAllocator	/home/nima/Desktop/taint-docker/table4/annotator/cxf/core/src/main/java/org/apache/cxf/common/jaxb/JAXBUtils.java
org.apache.cxf.common.jaxb.JAXBUtils$SchemaCompiler	/home/nima/Desktop/taint-docker/table4/annotator/cxf/core/src/main/java/org/apache/cxf/common/jaxb/JAXBUtils.java
org.apache.cxf.common.jaxb.JAXBUtils$S2JJAXBModel	/home/nima/Desktop/taint-docker/table4/annotator/cxf/core/src/main/java/org/apache/cxf/common/jaxb/JAXBUtils.java
org.apache.cxf.common.jaxb.JAXBUtils$Mapping	/home/nima/Desktop/taint-docker/table4/annotator/cxf/core/src/main/java/org/apache/cxf/common/jaxb/JAXBUtils.java
org.apache.cxf.common.jaxb.JAXBUtils$TypeAndAnnotation	/home/nima/Desktop/taint-docker/table4/annotator/cxf/core/src/main/java/org/apache/cxf/common/jaxb/JAXBUtils.java
org.apache.cxf.common.jaxb.JAXBUtils$JType	/home/nima/Desktop/taint-docker/table4/annotator/cxf/core/src/main/java/org/apache/cxf/common/jaxb/JAXBUtils.java
org.apache.cxf.common.jaxb.JAXBUtils$Options	/home/nima/Desktop/taint-docker/table4/annotator/cxf/core/src/main/java/org/apache/cxf/common/jaxb/JAXBUtils.java
org.apache.cxf.common.jaxb.JAXBUtils$JCodeModel	/home/nima/Desktop/taint-docker/table4/annotator/cxf/core/src/main/java/org/apache/cxf/common/jaxb/JAXBUtils.java
org.apache.cxf.common.jaxb.JAXBUtils$JPackage	/home/nima/Desktop/taint-docker/table4/annotator/cxf/core/src/main/java/org/apache/cxf/common/jaxb/JAXBUtils.java
org.apache.cxf.common.jaxb.JAXBUtils$JDefinedClass	/home/nima/Desktop/taint-docker/table4/annotator/cxf/core/src/main/java/org/apache/cxf/common/jaxb/JAXBUtils.java
org.apache.cxf.common.jaxb.JAXBUtils$3	/home/nima/Desktop/taint-docker/table4/annotator/cxf/core/src/main/java/org/apache/cxf/common/jaxb/JAXBUtils.java
org.apache.cxf.common.jaxb.JAXBContextProxy	/home/nima/Desktop/taint-docker/table4/annotator/cxf/core/src/main/java/org/apache/cxf/common/jaxb/JAXBContextProxy.java
org.apache.cxf.common.jaxb.JAXBBeanInfo	/home/nima/Desktop/taint-docker/table4/annotator/cxf/core/src/main/java/org/apache/cxf/common/jaxb/JAXBBeanInfo.java
org.apache.cxf.bus.managers.HeaderManagerImpl	/home/nima/Desktop/taint-docker/table4/annotator/cxf/core/src/main/java/org/apache/cxf/bus/managers/HeaderManagerImpl.java
org.apache.cxf.headers.HeaderManager	/home/nima/Desktop/taint-docker/table4/annotator/cxf/core/src/main/java/org/apache/cxf/headers/HeaderManager.java
org.apache.cxf.common.injection.NoJSR250Annotations	/home/nima/Desktop/taint-docker/table4/annotator/cxf/core/src/main/java/org/apache/cxf/common/injection/NoJSR250Annotations.java
org.apache.cxf.headers.HeaderProcessor	/home/nima/Desktop/taint-docker/table4/annotator/cxf/core/src/main/java/org/apache/cxf/headers/HeaderProcessor.java
org.apache.cxf.interceptor.OutFaultInterceptors	/home/nima/Desktop/taint-docker/table4/annotator/cxf/core/src/main/java/org/apache/cxf/interceptor/OutFaultInterceptors.java
org.apache.cxf.databinding.source.NodeDataReader	/home/nima/Desktop/taint-docker/table4/annotator/cxf/core/src/main/java/org/apache/cxf/databinding/source/NodeDataReader.java
org.apache.cxf.ws.addressing.ObjectFactory	/home/nima/Desktop/taint-docker/table4/annotator/cxf/core/target/generated-sources/cxf-xjc-plugin/org/apache/cxf/ws/addressing/ObjectFactory.java
org.apache.cxf.ws.addressing.RelatesToType	/home/nima/Desktop/taint-docker/table4/annotator/cxf/core/target/generated-sources/cxf-xjc-plugin/org/apache/cxf/ws/addressing/RelatesToType.java
org.apache.cxf.ws.addressing.AttributedUnsignedLongType	/home/nima/Desktop/taint-docker/table4/annotator/cxf/core/target/generated-sources/cxf-xjc-plugin/org/apache/cxf/ws/addressing/AttributedUnsignedLongType.java
org.apache.cxf.ws.addressing.AttributedQNameType	/home/nima/Desktop/taint-docker/table4/annotator/cxf/core/target/generated-sources/cxf-xjc-plugin/org/apache/cxf/ws/addressing/AttributedQNameType.java
org.apache.cxf.ws.addressing.AttributedAnyType	/home/nima/Desktop/taint-docker/table4/annotator/cxf/core/target/generated-sources/cxf-xjc-plugin/org/apache/cxf/ws/addressing/AttributedAnyType.java
org.apache.cxf.ws.addressing.ProblemActionType	/home/nima/Desktop/taint-docker/table4/annotator/cxf/core/target/generated-sources/cxf-xjc-plugin/org/apache/cxf/ws/addressing/ProblemActionType.java
org.apache.cxf.helpers.IOUtils	/home/nima/Desktop/taint-docker/table4/annotator/cxf/core/src/main/java/org/apache/cxf/helpers/IOUtils.java
org.apache.cxf.ws.addressing.v200408.ReplyAfterType	/home/nima/Desktop/taint-docker/table4/annotator/cxf/core/target/generated-sources/cxf-xjc-plugin/org/apache/cxf/ws/addressing/v200408/ReplyAfterType.java
org.apache.cxf.common.util.Base64Exception	/home/nima/Desktop/taint-docker/table4/annotator/cxf/core/src/main/java/org/apache/cxf/common/util/Base64Exception.java
org.apache.cxf.common.i18n.Exception	/home/nima/Desktop/taint-docker/table4/annotator/cxf/core/src/main/java/org/apache/cxf/common/i18n/Exception.java
org.apache.cxf.service.invoker.Factory	/home/nima/Desktop/taint-docker/table4/annotator/cxf/core/src/main/java/org/apache/cxf/service/invoker/Factory.java
org.apache.cxf.feature.transform.XSLTUtils	/home/nima/Desktop/taint-docker/table4/annotator/cxf/core/src/main/java/org/apache/cxf/feature/transform/XSLTUtils.java
org.apache.cxf.staxutils.DepthXMLStreamReader	/home/nima/Desktop/taint-docker/table4/annotator/cxf/core/src/main/java/org/apache/cxf/staxutils/DepthXMLStreamReader.java
org.apache.cxf.databinding.AbstractWrapperHelper	/home/nima/Desktop/taint-docker/table4/annotator/cxf/core/src/main/java/org/apache/cxf/databinding/AbstractWrapperHelper.java
org.apache.cxf.databinding.WrapperHelper	/home/nima/Desktop/taint-docker/table4/annotator/cxf/core/src/main/java/org/apache/cxf/databinding/WrapperHelper.java
org.apache.cxf.configuration.security.ObjectFactory	/home/nima/Desktop/taint-docker/table4/annotator/cxf/core/target/generated-sources/cxf-xjc-plugin/org/apache/cxf/configuration/security/ObjectFactory.java
org.apache.cxf.configuration.security.ProxyAuthorizationPolicy	/home/nima/Desktop/taint-docker/table4/annotator/cxf/core/target/generated-sources/cxf-xjc-plugin/org/apache/cxf/configuration/security/ProxyAuthorizationPolicy.java
org.apache.cxf.configuration.security.FiltersType	/home/nima/Desktop/taint-docker/table4/annotator/cxf/core/target/generated-sources/cxf-xjc-plugin/org/apache/cxf/configuration/security/FiltersType.java
org.apache.cxf.configuration.security.ClientAuthentication	/home/nima/Desktop/taint-docker/table4/annotator/cxf/core/target/generated-sources/cxf-xjc-plugin/org/apache/cxf/configuration/security/ClientAuthentication.java
org.apache.cxf.configuration.security.KeyStoreType	/home/nima/Desktop/taint-docker/table4/annotator/cxf/core/target/generated-sources/cxf-xjc-plugin/org/apache/cxf/configuration/security/KeyStoreType.java
org.apache.cxf.configuration.security.CertStoreType	/home/nima/Desktop/taint-docker/table4/annotator/cxf/core/target/generated-sources/cxf-xjc-plugin/org/apache/cxf/configuration/security/CertStoreType.java
org.apache.cxf.configuration.security.KeyManagersType	/home/nima/Desktop/taint-docker/table4/annotator/cxf/core/target/generated-sources/cxf-xjc-plugin/org/apache/cxf/configuration/security/KeyManagersType.java
org.apache.cxf.configuration.security.TrustManagersType	/home/nima/Desktop/taint-docker/table4/annotator/cxf/core/target/generated-sources/cxf-xjc-plugin/org/apache/cxf/configuration/security/TrustManagersType.java
org.apache.cxf.configuration.security.CipherSuites	/home/nima/Desktop/taint-docker/table4/annotator/cxf/core/target/generated-sources/cxf-xjc-plugin/org/apache/cxf/configuration/security/CipherSuites.java
org.apache.cxf.configuration.security.ExcludeProtocols	/home/nima/Desktop/taint-docker/table4/annotator/cxf/core/target/generated-sources/cxf-xjc-plugin/org/apache/cxf/configuration/security/ExcludeProtocols.java
org.apache.cxf.configuration.security.IncludeProtocols	/home/nima/Desktop/taint-docker/table4/annotator/cxf/core/target/generated-sources/cxf-xjc-plugin/org/apache/cxf/configuration/security/IncludeProtocols.java
org.apache.cxf.configuration.security.SecureRandomParameters	/home/nima/Desktop/taint-docker/table4/annotator/cxf/core/target/generated-sources/cxf-xjc-plugin/org/apache/cxf/configuration/security/SecureRandomParameters.java
org.apache.cxf.configuration.security.CertificateConstraintsType	/home/nima/Desktop/taint-docker/table4/annotator/cxf/core/target/generated-sources/cxf-xjc-plugin/org/apache/cxf/configuration/security/CertificateConstraintsType.java
org.apache.cxf.configuration.security.DNConstraintsType	/home/nima/Desktop/taint-docker/table4/annotator/cxf/core/target/generated-sources/cxf-xjc-plugin/org/apache/cxf/configuration/security/DNConstraintsType.java
org.apache.cxf.configuration.security.TLSClientParametersType	/home/nima/Desktop/taint-docker/table4/annotator/cxf/core/target/generated-sources/cxf-xjc-plugin/org/apache/cxf/configuration/security/TLSClientParametersType.java
org.apache.cxf.configuration.security.TLSServerParametersType	/home/nima/Desktop/taint-docker/table4/annotator/cxf/core/target/generated-sources/cxf-xjc-plugin/org/apache/cxf/configuration/security/TLSServerParametersType.java
org.apache.cxf.configuration.security.CombinatorType	/home/nima/Desktop/taint-docker/table4/annotator/cxf/core/target/generated-sources/cxf-xjc-plugin/org/apache/cxf/configuration/security/CombinatorType.java
org.apache.cxf.staxutils.StaxStreamFilter	/home/nima/Desktop/taint-docker/table4/annotator/cxf/core/src/main/java/org/apache/cxf/staxutils/StaxStreamFilter.java
org.apache.cxf.common.util.Compiler	/home/nima/Desktop/taint-docker/table4/annotator/cxf/core/src/main/java/org/apache/cxf/common/util/Compiler.java
org.apache.cxf.common.util.Compiler$1	/home/nima/Desktop/taint-docker/table4/annotator/cxf/core/src/main/java/org/apache/cxf/common/util/Compiler.java
org.apache.cxf.common.security.UsernameToken	/home/nima/Desktop/taint-docker/table4/annotator/cxf/core/src/main/java/org/apache/cxf/common/security/UsernameToken.java
org.apache.cxf.common.security.SecurityToken	/home/nima/Desktop/taint-docker/table4/annotator/cxf/core/src/main/java/org/apache/cxf/common/security/SecurityToken.java
org.apache.cxf.common.security.TokenType	/home/nima/Desktop/taint-docker/table4/annotator/cxf/core/src/main/java/org/apache/cxf/common/security/TokenType.java
org.apache.cxf.interceptor.security.RolePrefixSecurityContextImpl	/home/nima/Desktop/taint-docker/table4/annotator/cxf/core/src/main/java/org/apache/cxf/interceptor/security/RolePrefixSecurityContextImpl.java
org.apache.cxf.security.LoginSecurityContext	/home/nima/Desktop/taint-docker/table4/annotator/cxf/core/src/main/java/org/apache/cxf/security/LoginSecurityContext.java
org.apache.cxf.security.SecurityContext	/home/nima/Desktop/taint-docker/table4/annotator/cxf/core/src/main/java/org/apache/cxf/security/SecurityContext.java
org.apache.cxf.interceptor.AttachmentOutInterceptor	/home/nima/Desktop/taint-docker/table4/annotator/cxf/core/src/main/java/org/apache/cxf/interceptor/AttachmentOutInterceptor.java
org.apache.cxf.interceptor.AttachmentOutInterceptor$AttachmentOutEndingInterceptor	/home/nima/Desktop/taint-docker/table4/annotator/cxf/core/src/main/java/org/apache/cxf/interceptor/AttachmentOutInterceptor.java
org.apache.cxf.interceptor.ServiceInvokerInterceptor	/home/nima/Desktop/taint-docker/table4/annotator/cxf/core/src/main/java/org/apache/cxf/interceptor/ServiceInvokerInterceptor.java
org.apache.cxf.interceptor.ServiceInvokerInterceptor$1	/home/nima/Desktop/taint-docker/table4/annotator/cxf/core/src/main/java/org/apache/cxf/interceptor/ServiceInvokerInterceptor.java
org.apache.cxf.interceptor.ServiceInvokerInterceptor$2	/home/nima/Desktop/taint-docker/table4/annotator/cxf/core/src/main/java/org/apache/cxf/interceptor/ServiceInvokerInterceptor.java
org.apache.cxf.feature.AbstractFeature	/home/nima/Desktop/taint-docker/table4/annotator/cxf/core/src/main/java/org/apache/cxf/feature/AbstractFeature.java
org.apache.cxf.feature.AbstractPortableFeature	/home/nima/Desktop/taint-docker/table4/annotator/cxf/core/src/main/java/org/apache/cxf/feature/AbstractPortableFeature.java
org.apache.cxf.interceptor.AbstractLoggingInterceptor	/home/nima/Desktop/taint-docker/table4/annotator/cxf/core/src/main/java/org/apache/cxf/interceptor/AbstractLoggingInterceptor.java
org.apache.cxf.io.CachedOutputStream	/home/nima/Desktop/taint-docker/table4/annotator/cxf/core/src/main/java/org/apache/cxf/io/CachedOutputStream.java
org.apache.cxf.io.CachedOutputStream$1	/home/nima/Desktop/taint-docker/table4/annotator/cxf/core/src/main/java/org/apache/cxf/io/CachedOutputStream.java
org.apache.cxf.io.CachedOutputStream$2	/home/nima/Desktop/taint-docker/table4/annotator/cxf/core/src/main/java/org/apache/cxf/io/CachedOutputStream.java
org.apache.cxf.io.CachedOutputStream$3	/home/nima/Desktop/taint-docker/table4/annotator/cxf/core/src/main/java/org/apache/cxf/io/CachedOutputStream.java
org.apache.cxf.io.CachedOutputStream$TransferableFileInputStream	/home/nima/Desktop/taint-docker/table4/annotator/cxf/core/src/main/java/org/apache/cxf/io/CachedOutputStream.java
org.apache.cxf.io.CipherPair	/home/nima/Desktop/taint-docker/table4/annotator/cxf/core/src/main/java/org/apache/cxf/io/CipherPair.java
org.apache.cxf.io.CachedOutputStreamCallback	/home/nima/Desktop/taint-docker/table4/annotator/cxf/core/src/main/java/org/apache/cxf/io/CachedOutputStreamCallback.java
org.apache.cxf.attachment.AttachmentUtil	/home/nima/Desktop/taint-docker/table4/annotator/cxf/core/src/main/java/org/apache/cxf/attachment/AttachmentUtil.java
org.apache.cxf.attachment.AttachmentUtil$EnhancedMailcapCommandMap	/home/nima/Desktop/taint-docker/table4/annotator/cxf/core/src/main/java/org/apache/cxf/attachment/AttachmentUtil.java
org.apache.cxf.attachment.AttachmentUtil$DHMap	/home/nima/Desktop/taint-docker/table4/annotator/cxf/core/src/main/java/org/apache/cxf/attachment/AttachmentUtil.java
org.apache.cxf.attachment.AttachmentUtil$DHMap$1	/home/nima/Desktop/taint-docker/table4/annotator/cxf/core/src/main/java/org/apache/cxf/attachment/AttachmentUtil.java
org.apache.cxf.attachment.AttachmentUtil$DHMap$1$1	/home/nima/Desktop/taint-docker/table4/annotator/cxf/core/src/main/java/org/apache/cxf/attachment/AttachmentUtil.java
org.apache.cxf.attachment.AttachmentUtil$DHMap$1$1$1	/home/nima/Desktop/taint-docker/table4/annotator/cxf/core/src/main/java/org/apache/cxf/attachment/AttachmentUtil.java
org.apache.cxf.databinding.AbstractInterceptorProvidingDataBinding	/home/nima/Desktop/taint-docker/table4/annotator/cxf/core/src/main/java/org/apache/cxf/databinding/AbstractInterceptorProvidingDataBinding.java
org.apache.cxf.databinding.AbstractDataBinding	/home/nima/Desktop/taint-docker/table4/annotator/cxf/core/src/main/java/org/apache/cxf/databinding/AbstractDataBinding.java
org.apache.cxf.common.util.ModCountCopyOnWriteArrayList	/home/nima/Desktop/taint-docker/table4/annotator/cxf/core/src/main/java/org/apache/cxf/common/util/ModCountCopyOnWriteArrayList.java
org.apache.cxf.helpers.DOMUtils	/home/nima/Desktop/taint-docker/table4/annotator/cxf/core/src/main/java/org/apache/cxf/helpers/DOMUtils.java
org.apache.cxf.helpers.DOMUtils$1	/home/nima/Desktop/taint-docker/table4/annotator/cxf/core/src/main/java/org/apache/cxf/helpers/DOMUtils.java
org.apache.cxf.helpers.DOMUtils$2	/home/nima/Desktop/taint-docker/table4/annotator/cxf/core/src/main/java/org/apache/cxf/helpers/DOMUtils.java
org.apache.cxf.helpers.DOMUtils$3	/home/nima/Desktop/taint-docker/table4/annotator/cxf/core/src/main/java/org/apache/cxf/helpers/DOMUtils.java
org.apache.cxf.helpers.DOMUtils$4	/home/nima/Desktop/taint-docker/table4/annotator/cxf/core/src/main/java/org/apache/cxf/helpers/DOMUtils.java
org.apache.cxf.helpers.DOMUtils$NullResolver	/home/nima/Desktop/taint-docker/table4/annotator/cxf/core/src/main/java/org/apache/cxf/helpers/DOMUtils.java
org.apache.cxf.service.invoker.MethodDispatcher	/home/nima/Desktop/taint-docker/table4/annotator/cxf/core/src/main/java/org/apache/cxf/service/invoker/MethodDispatcher.java
org.apache.cxf.attachment.Base64DecoderStream	/home/nima/Desktop/taint-docker/table4/annotator/cxf/core/src/main/java/org/apache/cxf/attachment/Base64DecoderStream.java
org.apache.cxf.annotations.UseAsyncMethod	/home/nima/Desktop/taint-docker/table4/annotator/cxf/core/src/main/java/org/apache/cxf/annotations/UseAsyncMethod.java
org.apache.cxf.bus.managers.BindingFactoryManagerImpl	/home/nima/Desktop/taint-docker/table4/annotator/cxf/core/src/main/java/org/apache/cxf/bus/managers/BindingFactoryManagerImpl.java
org.apache.cxf.bus.managers.BindingFactoryManagerImpl$1	/home/nima/Desktop/taint-docker/table4/annotator/cxf/core/src/main/java/org/apache/cxf/bus/managers/BindingFactoryManagerImpl.java
org.apache.cxf.bus.managers.BindingFactoryManagerImpl$2	/home/nima/Desktop/taint-docker/table4/annotator/cxf/core/src/main/java/org/apache/cxf/bus/managers/BindingFactoryManagerImpl.java
org.apache.cxf.bus.managers.BindingFactoryManagerImpl$3	/home/nima/Desktop/taint-docker/table4/annotator/cxf/core/src/main/java/org/apache/cxf/bus/managers/BindingFactoryManagerImpl.java
org.apache.cxf.binding.BindingFactoryManager	/home/nima/Desktop/taint-docker/table4/annotator/cxf/core/src/main/java/org/apache/cxf/binding/BindingFactoryManager.java
org.apache.cxf.binding.BindingFactory	/home/nima/Desktop/taint-docker/table4/annotator/cxf/core/src/main/java/org/apache/cxf/binding/BindingFactory.java
org.apache.cxf.BusException	/home/nima/Desktop/taint-docker/table4/annotator/cxf/core/src/main/java/org/apache/cxf/BusException.java
org.apache.cxf.ws.addressing.v200408.Relationship	/home/nima/Desktop/taint-docker/table4/annotator/cxf/core/target/generated-sources/cxf-xjc-plugin/org/apache/cxf/ws/addressing/v200408/Relationship.java
org.apache.cxf.interceptor.StaxOutInterceptor	/home/nima/Desktop/taint-docker/table4/annotator/cxf/core/src/main/java/org/apache/cxf/interceptor/StaxOutInterceptor.java
org.apache.cxf.interceptor.StaxOutInterceptor$1	/home/nima/Desktop/taint-docker/table4/annotator/cxf/core/src/main/java/org/apache/cxf/interceptor/StaxOutInterceptor.java
org.apache.cxf.interceptor.StaxOutEndingInterceptor	/home/nima/Desktop/taint-docker/table4/annotator/cxf/core/src/main/java/org/apache/cxf/interceptor/StaxOutEndingInterceptor.java
org.apache.cxf.workqueue.WorkQueueManager	/home/nima/Desktop/taint-docker/table4/annotator/cxf/core/src/main/java/org/apache/cxf/workqueue/WorkQueueManager.java
org.apache.cxf.workqueue.AutomaticWorkQueue	/home/nima/Desktop/taint-docker/table4/annotator/cxf/core/src/main/java/org/apache/cxf/workqueue/AutomaticWorkQueue.java
org.apache.cxf.workqueue.WorkQueue	/home/nima/Desktop/taint-docker/table4/annotator/cxf/core/src/main/java/org/apache/cxf/workqueue/WorkQueue.java
org.apache.cxf.attachment.ByteDataSource	/home/nima/Desktop/taint-docker/table4/annotator/cxf/core/src/main/java/org/apache/cxf/attachment/ByteDataSource.java
org.apache.cxf.service.invoker.PerRequestFactory	/home/nima/Desktop/taint-docker/table4/annotator/cxf/core/src/main/java/org/apache/cxf/service/invoker/PerRequestFactory.java
org.apache.cxf.databinding.source.mime.MimeSerializer	/home/nima/Desktop/taint-docker/table4/annotator/cxf/core/src/main/java/org/apache/cxf/databinding/source/mime/MimeSerializer.java
org.apache.cxf.ws.addressing.WSAddressingFeature	/home/nima/Desktop/taint-docker/table4/annotator/cxf/core/src/main/java/org/apache/cxf/ws/addressing/WSAddressingFeature.java
org.apache.cxf.ws.addressing.WSAddressingFeature$AddressingResponses	/home/nima/Desktop/taint-docker/table4/annotator/cxf/core/src/main/java/org/apache/cxf/ws/addressing/WSAddressingFeature.java
org.apache.cxf.ws.addressing.WSAddressingFeature$WSAddressingFeatureApplier	/home/nima/Desktop/taint-docker/table4/annotator/cxf/core/src/main/java/org/apache/cxf/ws/addressing/WSAddressingFeature.java
org.apache.cxf.ws.addressing.MessageIdCache	/home/nima/Desktop/taint-docker/table4/annotator/cxf/core/src/main/java/org/apache/cxf/ws/addressing/MessageIdCache.java
org.apache.cxf.bus.managers.ServerRegistryImpl	/home/nima/Desktop/taint-docker/table4/annotator/cxf/core/src/main/java/org/apache/cxf/bus/managers/ServerRegistryImpl.java
org.apache.cxf.endpoint.ServerRegistry	/home/nima/Desktop/taint-docker/table4/annotator/cxf/core/src/main/java/org/apache/cxf/endpoint/ServerRegistry.java
org.apache.cxf.buslifecycle.BusLifeCycleListener	/home/nima/Desktop/taint-docker/table4/annotator/cxf/core/src/main/java/org/apache/cxf/buslifecycle/BusLifeCycleListener.java
org.apache.cxf.buslifecycle.BusLifeCycleManager	/home/nima/Desktop/taint-docker/table4/annotator/cxf/core/src/main/java/org/apache/cxf/buslifecycle/BusLifeCycleManager.java
org.apache.cxf.attachment.Rfc5987Util	/home/nima/Desktop/taint-docker/table4/annotator/cxf/core/src/main/java/org/apache/cxf/attachment/Rfc5987Util.java
org.apache.cxf.transport.common.gzip.GZIPFeature	/home/nima/Desktop/taint-docker/table4/annotator/cxf/core/src/main/java/org/apache/cxf/transport/common/gzip/GZIPFeature.java
org.apache.cxf.transport.common.gzip.GZIPFeature$Portable	/home/nima/Desktop/taint-docker/table4/annotator/cxf/core/src/main/java/org/apache/cxf/transport/common/gzip/GZIPFeature.java
org.apache.cxf.feature.DelegatingFeature	/home/nima/Desktop/taint-docker/table4/annotator/cxf/core/src/main/java/org/apache/cxf/feature/DelegatingFeature.java
org.apache.cxf.annotations.Provider	/home/nima/Desktop/taint-docker/table4/annotator/cxf/core/src/main/java/org/apache/cxf/annotations/Provider.java
org.apache.cxf.annotations.Provider$Type	/home/nima/Desktop/taint-docker/table4/annotator/cxf/core/src/main/java/org/apache/cxf/annotations/Provider.java
org.apache.cxf.annotations.Provider$Scope	/home/nima/Desktop/taint-docker/table4/annotator/cxf/core/src/main/java/org/apache/cxf/annotations/Provider.java
org.apache.cxf.transport.common.gzip.GZIPInInterceptor	/home/nima/Desktop/taint-docker/table4/annotator/cxf/core/src/main/java/org/apache/cxf/transport/common/gzip/GZIPInInterceptor.java
org.apache.cxf.transport.common.gzip.GZIPOutInterceptor	/home/nima/Desktop/taint-docker/table4/annotator/cxf/core/src/main/java/org/apache/cxf/transport/common/gzip/GZIPOutInterceptor.java
org.apache.cxf.transport.common.gzip.GZIPOutInterceptor$UseGzip	/home/nima/Desktop/taint-docker/table4/annotator/cxf/core/src/main/java/org/apache/cxf/transport/common/gzip/GZIPOutInterceptor.java
org.apache.cxf.transport.common.gzip.GZIPOutInterceptor$GZipThresholdOutputStream	/home/nima/Desktop/taint-docker/table4/annotator/cxf/core/src/main/java/org/apache/cxf/transport/common/gzip/GZIPOutInterceptor.java
org.apache.cxf.io.AbstractWrappedOutputStream	/home/nima/Desktop/taint-docker/table4/annotator/cxf/core/src/main/java/org/apache/cxf/io/AbstractWrappedOutputStream.java
org.apache.cxf.ws.addressing.AddressingConstants	/home/nima/Desktop/taint-docker/table4/annotator/cxf/core/src/main/java/org/apache/cxf/ws/addressing/AddressingConstants.java
org.apache.cxf.common.util.ExtensionInvocationHandler	/home/nima/Desktop/taint-docker/table4/annotator/cxf/core/src/main/java/org/apache/cxf/common/util/ExtensionInvocationHandler.java
org.apache.cxf.interceptor.security.NameDigestPasswordCallbackHandler	/home/nima/Desktop/taint-docker/table4/annotator/cxf/core/src/main/java/org/apache/cxf/interceptor/security/NameDigestPasswordCallbackHandler.java
org.apache.cxf.endpoint.UpfrontConduitSelector	/home/nima/Desktop/taint-docker/table4/annotator/cxf/core/src/main/java/org/apache/cxf/endpoint/UpfrontConduitSelector.java
org.apache.cxf.endpoint.AbstractConduitSelector	/home/nima/Desktop/taint-docker/table4/annotator/cxf/core/src/main/java/org/apache/cxf/endpoint/AbstractConduitSelector.java
org.apache.cxf.endpoint.AbstractConduitSelector$ContextualBooleanGetter	/home/nima/Desktop/taint-docker/table4/annotator/cxf/core/src/main/java/org/apache/cxf/endpoint/AbstractConduitSelector.java
org.apache.cxf.transport.ConduitInitiator	/home/nima/Desktop/taint-docker/table4/annotator/cxf/core/src/main/java/org/apache/cxf/transport/ConduitInitiator.java
org.apache.cxf.bus.spring.SpringBus	/home/nima/Desktop/taint-docker/table4/annotator/cxf/core/src/main/java/org/apache/cxf/bus/spring/SpringBus.java
org.apache.cxf.bus.spring.SpringBus$SpringBusApplicationListener	/home/nima/Desktop/taint-docker/table4/annotator/cxf/core/src/main/java/org/apache/cxf/bus/spring/SpringBus.java
org.apache.cxf.bus.extension.ExtensionManagerBus	/home/nima/Desktop/taint-docker/table4/annotator/cxf/core/src/main/java/org/apache/cxf/bus/extension/ExtensionManagerBus.java
org.apache.cxf.bus.extension.ExtensionManagerBus$1	/home/nima/Desktop/taint-docker/table4/annotator/cxf/core/src/main/java/org/apache/cxf/bus/extension/ExtensionManagerBus.java
org.apache.cxf.bus.extension.ExtensionManagerBus$ExtensionFinder	/home/nima/Desktop/taint-docker/table4/annotator/cxf/core/src/main/java/org/apache/cxf/bus/extension/ExtensionManagerBus.java
org.apache.cxf.interceptor.AbstractBasicInterceptorProvider	/home/nima/Desktop/taint-docker/table4/annotator/cxf/core/src/main/java/org/apache/cxf/interceptor/AbstractBasicInterceptorProvider.java
org.apache.cxf.bus.spring.BusDefinitionParser	/home/nima/Desktop/taint-docker/table4/annotator/cxf/core/src/main/java/org/apache/cxf/bus/spring/BusDefinitionParser.java
org.apache.cxf.bus.spring.BusDefinitionParser$BusConfig	/home/nima/Desktop/taint-docker/table4/annotator/cxf/core/src/main/java/org/apache/cxf/bus/spring/BusDefinitionParser.java
org.apache.cxf.configuration.spring.AbstractBeanDefinitionParser	/home/nima/Desktop/taint-docker/table4/annotator/cxf/core/src/main/java/org/apache/cxf/configuration/spring/AbstractBeanDefinitionParser.java
org.apache.cxf.configuration.spring.BusWiringType	/home/nima/Desktop/taint-docker/table4/annotator/cxf/core/src/main/java/org/apache/cxf/configuration/spring/BusWiringType.java
org.apache.cxf.bus.extension.ExtensionManagerImpl	/home/nima/Desktop/taint-docker/table4/annotator/cxf/core/src/main/java/org/apache/cxf/bus/extension/ExtensionManagerImpl.java
org.apache.cxf.bus.extension.ExtensionManagerImpl$1	/home/nima/Desktop/taint-docker/table4/annotator/cxf/core/src/main/java/org/apache/cxf/bus/extension/ExtensionManagerImpl.java
org.apache.cxf.bus.extension.ExtensionManager	/home/nima/Desktop/taint-docker/table4/annotator/cxf/core/src/main/java/org/apache/cxf/bus/extension/ExtensionManager.java
org.apache.cxf.configuration.ConfiguredBeanLocator	/home/nima/Desktop/taint-docker/table4/annotator/cxf/core/src/main/java/org/apache/cxf/configuration/ConfiguredBeanLocator.java
org.apache.cxf.configuration.ConfiguredBeanLocator$BeanLoaderListener	/home/nima/Desktop/taint-docker/table4/annotator/cxf/core/src/main/java/org/apache/cxf/configuration/ConfiguredBeanLocator.java
org.apache.cxf.common.classloader.ClassLoaderUtils	/home/nima/Desktop/taint-docker/table4/annotator/cxf/core/src/main/java/org/apache/cxf/common/classloader/ClassLoaderUtils.java
org.apache.cxf.common.classloader.ClassLoaderUtils$ClassLoaderHolder	/home/nima/Desktop/taint-docker/table4/annotator/cxf/core/src/main/java/org/apache/cxf/common/classloader/ClassLoaderUtils.java
org.apache.cxf.common.classloader.ClassLoaderUtils$ClassLoaderHolder$1	/home/nima/Desktop/taint-docker/table4/annotator/cxf/core/src/main/java/org/apache/cxf/common/classloader/ClassLoaderUtils.java
org.apache.cxf.common.classloader.ClassLoaderUtils$1	/home/nima/Desktop/taint-docker/table4/annotator/cxf/core/src/main/java/org/apache/cxf/common/classloader/ClassLoaderUtils.java
org.apache.cxf.common.classloader.ClassLoaderUtils$2	/home/nima/Desktop/taint-docker/table4/annotator/cxf/core/src/main/java/org/apache/cxf/common/classloader/ClassLoaderUtils.java
org.apache.cxf.common.classloader.ClassLoaderUtils$3	/home/nima/Desktop/taint-docker/table4/annotator/cxf/core/src/main/java/org/apache/cxf/common/classloader/ClassLoaderUtils.java
org.apache.cxf.common.classloader.ClassLoaderUtils$4	/home/nima/Desktop/taint-docker/table4/annotator/cxf/core/src/main/java/org/apache/cxf/common/classloader/ClassLoaderUtils.java
org.apache.cxf.common.classloader.ClassLoaderUtils$5	/home/nima/Desktop/taint-docker/table4/annotator/cxf/core/src/main/java/org/apache/cxf/common/classloader/ClassLoaderUtils.java
org.apache.cxf.endpoint.ClientImpl	/home/nima/Desktop/taint-docker/table4/annotator/cxf/core/src/main/java/org/apache/cxf/endpoint/ClientImpl.java
org.apache.cxf.endpoint.ClientImpl$1	/home/nima/Desktop/taint-docker/table4/annotator/cxf/core/src/main/java/org/apache/cxf/endpoint/ClientImpl.java
org.apache.cxf.endpoint.ClientImpl$2	/home/nima/Desktop/taint-docker/table4/annotator/cxf/core/src/main/java/org/apache/cxf/endpoint/ClientImpl.java
org.apache.cxf.endpoint.ClientImpl$3	/home/nima/Desktop/taint-docker/table4/annotator/cxf/core/src/main/java/org/apache/cxf/endpoint/ClientImpl.java
org.apache.cxf.endpoint.ClientImpl$3$1	/home/nima/Desktop/taint-docker/table4/annotator/cxf/core/src/main/java/org/apache/cxf/endpoint/ClientImpl.java
org.apache.cxf.endpoint.ClientImpl$EchoContext	/home/nima/Desktop/taint-docker/table4/annotator/cxf/core/src/main/java/org/apache/cxf/endpoint/ClientImpl.java
org.apache.cxf.endpoint.ClientImpl$ResponseContext	/home/nima/Desktop/taint-docker/table4/annotator/cxf/core/src/main/java/org/apache/cxf/endpoint/ClientImpl.java
org.apache.cxf.endpoint.ClientImpl$IllegalEmptyResponseException	/home/nima/Desktop/taint-docker/table4/annotator/cxf/core/src/main/java/org/apache/cxf/endpoint/ClientImpl.java
org.apache.cxf.endpoint.Retryable	/home/nima/Desktop/taint-docker/table4/annotator/cxf/core/src/main/java/org/apache/cxf/endpoint/Retryable.java
org.apache.cxf.interceptor.ClientOutFaultObserver	/home/nima/Desktop/taint-docker/table4/annotator/cxf/core/src/main/java/org/apache/cxf/interceptor/ClientOutFaultObserver.java
org.apache.cxf.interceptor.AbstractFaultChainInitiatorObserver	/home/nima/Desktop/taint-docker/table4/annotator/cxf/core/src/main/java/org/apache/cxf/interceptor/AbstractFaultChainInitiatorObserver.java
org.apache.cxf.phase.PhaseChainCache	/home/nima/Desktop/taint-docker/table4/annotator/cxf/core/src/main/java/org/apache/cxf/phase/PhaseChainCache.java
org.apache.cxf.phase.PhaseChainCache$ChainHolder	/home/nima/Desktop/taint-docker/table4/annotator/cxf/core/src/main/java/org/apache/cxf/phase/PhaseChainCache.java
org.apache.cxf.endpoint.EndpointImplFactory	/home/nima/Desktop/taint-docker/table4/annotator/cxf/core/src/main/java/org/apache/cxf/endpoint/EndpointImplFactory.java
org.apache.cxf.phase.PhaseInterceptorChain	/home/nima/Desktop/taint-docker/table4/annotator/cxf/core/src/main/java/org/apache/cxf/phase/PhaseInterceptorChain.java
org.apache.cxf.phase.PhaseInterceptorChain$PhaseInterceptorIterator	/home/nima/Desktop/taint-docker/table4/annotator/cxf/core/src/main/java/org/apache/cxf/phase/PhaseInterceptorChain.java
org.apache.cxf.phase.PhaseInterceptorChain$InterceptorHolder	/home/nima/Desktop/taint-docker/table4/annotator/cxf/core/src/main/java/org/apache/cxf/phase/PhaseInterceptorChain.java
org.apache.cxf.phase.Phase	/home/nima/Desktop/taint-docker/table4/annotator/cxf/core/src/main/java/org/apache/cxf/phase/Phase.java
org.apache.cxf.endpoint.EndpointImpl	/home/nima/Desktop/taint-docker/table4/annotator/cxf/core/src/main/java/org/apache/cxf/endpoint/EndpointImpl.java
org.apache.cxf.interceptor.AbstractAttributedInterceptorProvider	/home/nima/Desktop/taint-docker/table4/annotator/cxf/core/src/main/java/org/apache/cxf/interceptor/AbstractAttributedInterceptorProvider.java
org.apache.cxf.configuration.Configurable	/home/nima/Desktop/taint-docker/table4/annotator/cxf/core/src/main/java/org/apache/cxf/configuration/Configurable.java
org.apache.cxf.endpoint.EndpointException	/home/nima/Desktop/taint-docker/table4/annotator/cxf/core/src/main/java/org/apache/cxf/endpoint/EndpointException.java
org.apache.cxf.ws.addressing.v200403.Relationship	/home/nima/Desktop/taint-docker/table4/annotator/cxf/core/target/generated-sources/cxf-xjc-plugin/org/apache/cxf/ws/addressing/v200403/Relationship.java
org.apache.cxf.helpers.XPathUtils	/home/nima/Desktop/taint-docker/table4/annotator/cxf/core/src/main/java/org/apache/cxf/helpers/XPathUtils.java
org.apache.cxf.helpers.XPathUtils$1	/home/nima/Desktop/taint-docker/table4/annotator/cxf/core/src/main/java/org/apache/cxf/helpers/XPathUtils.java
org.apache.cxf.endpoint.NullConduitSelector	/home/nima/Desktop/taint-docker/table4/annotator/cxf/core/src/main/java/org/apache/cxf/endpoint/NullConduitSelector.java
org.apache.cxf.ws.addressing.AddressingProperties	/home/nima/Desktop/taint-docker/table4/annotator/cxf/core/src/main/java/org/apache/cxf/ws/addressing/AddressingProperties.java
org.apache.cxf.management.annotation.ManagedNotifications	/home/nima/Desktop/taint-docker/table4/annotator/cxf/core/src/main/java/org/apache/cxf/management/annotation/ManagedNotifications.java
org.apache.cxf.management.annotation.ManagedNotification	/home/nima/Desktop/taint-docker/table4/annotator/cxf/core/src/main/java/org/apache/cxf/management/annotation/ManagedNotification.java
org.apache.cxf.service.model.ServiceModelUtil	/home/nima/Desktop/taint-docker/table4/annotator/cxf/core/src/main/java/org/apache/cxf/service/model/ServiceModelUtil.java
org.apache.cxf.endpoint.EndpointResolver	/home/nima/Desktop/taint-docker/table4/annotator/cxf/core/src/main/java/org/apache/cxf/endpoint/EndpointResolver.java
org.apache.cxf.io.Transferable	/home/nima/Desktop/taint-docker/table4/annotator/cxf/core/src/main/java/org/apache/cxf/io/Transferable.java
org.apache.cxf.security.claims.authorization.ClaimMode	/home/nima/Desktop/taint-docker/table4/annotator/cxf/core/src/main/java/org/apache/cxf/security/claims/authorization/ClaimMode.java
org.apache.cxf.service.factory.FactoryBeanListenerManager	/home/nima/Desktop/taint-docker/table4/annotator/cxf/core/src/main/java/org/apache/cxf/service/factory/FactoryBeanListenerManager.java
org.apache.cxf.service.factory.FactoryBeanListener	/home/nima/Desktop/taint-docker/table4/annotator/cxf/core/src/main/java/org/apache/cxf/service/factory/FactoryBeanListener.java
org.apache.cxf.service.factory.FactoryBeanListener$Event	/home/nima/Desktop/taint-docker/table4/annotator/cxf/core/src/main/java/org/apache/cxf/service/factory/FactoryBeanListener.java
org.apache.cxf.service.factory.AbstractServiceFactoryBean	/home/nima/Desktop/taint-docker/table4/annotator/cxf/core/src/main/java/org/apache/cxf/service/factory/AbstractServiceFactoryBean.java
org.apache.cxf.catalog.OASISCatalogManager	/home/nima/Desktop/taint-docker/table4/annotator/cxf/core/src/main/java/org/apache/cxf/catalog/OASISCatalogManager.java
org.apache.cxf.catalog.OASISCatalogManager$1	/home/nima/Desktop/taint-docker/table4/annotator/cxf/core/src/main/java/org/apache/cxf/catalog/OASISCatalogManager.java
org.apache.cxf.catalog.OASISCatalogManager$2	/home/nima/Desktop/taint-docker/table4/annotator/cxf/core/src/main/java/org/apache/cxf/catalog/OASISCatalogManager.java
org.apache.cxf.catalog.OASISCatalogManager$3	/home/nima/Desktop/taint-docker/table4/annotator/cxf/core/src/main/java/org/apache/cxf/catalog/OASISCatalogManager.java
org.apache.cxf.continuations.SuspendedInvocationException	/home/nima/Desktop/taint-docker/table4/annotator/cxf/core/src/main/java/org/apache/cxf/continuations/SuspendedInvocationException.java
org.apache.cxf.configuration.Configurer	/home/nima/Desktop/taint-docker/table4/annotator/cxf/core/src/main/java/org/apache/cxf/configuration/Configurer.java
org.apache.cxf.bus.spring.BusExtensionPostProcessor	/home/nima/Desktop/taint-docker/table4/annotator/cxf/core/src/main/java/org/apache/cxf/bus/spring/BusExtensionPostProcessor.java
org.apache.cxf.headers.Header	/home/nima/Desktop/taint-docker/table4/annotator/cxf/core/src/main/java/org/apache/cxf/headers/Header.java
org.apache.cxf.headers.Header$Direction	/home/nima/Desktop/taint-docker/table4/annotator/cxf/core/src/main/java/org/apache/cxf/headers/Header.java
org.apache.cxf.databinding.stax.StaxDataBinding	/home/nima/Desktop/taint-docker/table4/annotator/cxf/core/src/main/java/org/apache/cxf/databinding/stax/StaxDataBinding.java
org.apache.cxf.databinding.stax.StaxDataBinding$RemoveStaxInEndingInterceptor	/home/nima/Desktop/taint-docker/table4/annotator/cxf/core/src/main/java/org/apache/cxf/databinding/stax/StaxDataBinding.java
org.apache.cxf.databinding.stax.StaxDataBinding$1	/home/nima/Desktop/taint-docker/table4/annotator/cxf/core/src/main/java/org/apache/cxf/databinding/stax/StaxDataBinding.java
org.apache.cxf.databinding.stax.StaxDataBinding$XMLStreamDataReader	/home/nima/Desktop/taint-docker/table4/annotator/cxf/core/src/main/java/org/apache/cxf/databinding/stax/StaxDataBinding.java
org.apache.cxf.databinding.stax.StaxDataBinding$XMLStreamDataWriter	/home/nima/Desktop/taint-docker/table4/annotator/cxf/core/src/main/java/org/apache/cxf/databinding/stax/StaxDataBinding.java
org.apache.cxf.interceptor.security.AbstractUsernameTokenInInterceptor	/home/nima/Desktop/taint-docker/table4/annotator/cxf/core/src/main/java/org/apache/cxf/interceptor/security/AbstractUsernameTokenInInterceptor.java
org.apache.cxf.interceptor.security.AbstractSecurityContextInInterceptor	/home/nima/Desktop/taint-docker/table4/annotator/cxf/core/src/main/java/org/apache/cxf/interceptor/security/AbstractSecurityContextInInterceptor.java
org.apache.cxf.databinding.source.XMLStreamDataWriter	/home/nima/Desktop/taint-docker/table4/annotator/cxf/core/src/main/java/org/apache/cxf/databinding/source/XMLStreamDataWriter.java
org.apache.cxf.databinding.source.XMLStreamDataWriter$MtomValidationErrorHandler	/home/nima/Desktop/taint-docker/table4/annotator/cxf/core/src/main/java/org/apache/cxf/databinding/source/XMLStreamDataWriter.java
org.apache.cxf.common.util.ReflectionUtil	/home/nima/Desktop/taint-docker/table4/annotator/cxf/core/src/main/java/org/apache/cxf/common/util/ReflectionUtil.java
org.apache.cxf.common.util.ReflectionUtil$1	/home/nima/Desktop/taint-docker/table4/annotator/cxf/core/src/main/java/org/apache/cxf/common/util/ReflectionUtil.java
org.apache.cxf.common.util.ReflectionUtil$2	/home/nima/Desktop/taint-docker/table4/annotator/cxf/core/src/main/java/org/apache/cxf/common/util/ReflectionUtil.java
org.apache.cxf.common.util.ReflectionUtil$3	/home/nima/Desktop/taint-docker/table4/annotator/cxf/core/src/main/java/org/apache/cxf/common/util/ReflectionUtil.java
org.apache.cxf.common.util.ReflectionUtil$4	/home/nima/Desktop/taint-docker/table4/annotator/cxf/core/src/main/java/org/apache/cxf/common/util/ReflectionUtil.java
org.apache.cxf.common.util.ReflectionUtil$5	/home/nima/Desktop/taint-docker/table4/annotator/cxf/core/src/main/java/org/apache/cxf/common/util/ReflectionUtil.java
org.apache.cxf.common.util.ReflectionUtil$6	/home/nima/Desktop/taint-docker/table4/annotator/cxf/core/src/main/java/org/apache/cxf/common/util/ReflectionUtil.java
org.apache.cxf.common.util.ReflectionUtil$7	/home/nima/Desktop/taint-docker/table4/annotator/cxf/core/src/main/java/org/apache/cxf/common/util/ReflectionUtil.java
org.apache.cxf.common.util.ReflectionUtil$8	/home/nima/Desktop/taint-docker/table4/annotator/cxf/core/src/main/java/org/apache/cxf/common/util/ReflectionUtil.java
org.apache.cxf.common.util.ReflectionUtil$9	/home/nima/Desktop/taint-docker/table4/annotator/cxf/core/src/main/java/org/apache/cxf/common/util/ReflectionUtil.java
org.apache.cxf.common.util.ReflectionUtil$10	/home/nima/Desktop/taint-docker/table4/annotator/cxf/core/src/main/java/org/apache/cxf/common/util/ReflectionUtil.java
org.apache.cxf.common.util.ReflectionUtil$11	/home/nima/Desktop/taint-docker/table4/annotator/cxf/core/src/main/java/org/apache/cxf/common/util/ReflectionUtil.java
org.apache.cxf.common.util.ReflectionUtil$12	/home/nima/Desktop/taint-docker/table4/annotator/cxf/core/src/main/java/org/apache/cxf/common/util/ReflectionUtil.java
org.apache.cxf.attachment.QuotedPrintableDecoderStream	/home/nima/Desktop/taint-docker/table4/annotator/cxf/core/src/main/java/org/apache/cxf/attachment/QuotedPrintableDecoderStream.java
org.apache.cxf.bus.spring.NamespaceHandler	/home/nima/Desktop/taint-docker/table4/annotator/cxf/core/src/main/java/org/apache/cxf/bus/spring/NamespaceHandler.java
org.apache.cxf.bus.spring.NamespaceHandler$1	/home/nima/Desktop/taint-docker/table4/annotator/cxf/core/src/main/java/org/apache/cxf/bus/spring/NamespaceHandler.java
org.apache.cxf.configuration.jsse.TLSClientParameters	/home/nima/Desktop/taint-docker/table4/annotator/cxf/core/src/main/java/org/apache/cxf/configuration/jsse/TLSClientParameters.java
org.apache.cxf.configuration.jsse.TLSParameterBase	/home/nima/Desktop/taint-docker/table4/annotator/cxf/core/src/main/java/org/apache/cxf/configuration/jsse/TLSParameterBase.java
org.apache.cxf.logging.FaultListener	/home/nima/Desktop/taint-docker/table4/annotator/cxf/core/src/main/java/org/apache/cxf/logging/FaultListener.java
org.apache.cxf.databinding.stax.StaxDataBindingFeature	/home/nima/Desktop/taint-docker/table4/annotator/cxf/core/src/main/java/org/apache/cxf/databinding/stax/StaxDataBindingFeature.java
org.apache.cxf.databinding.stax.StaxDataBindingFeature$Portable	/home/nima/Desktop/taint-docker/table4/annotator/cxf/core/src/main/java/org/apache/cxf/databinding/stax/StaxDataBindingFeature.java
org.apache.cxf.interceptor.security.SimpleAuthorizingInterceptor	/home/nima/Desktop/taint-docker/table4/annotator/cxf/core/src/main/java/org/apache/cxf/interceptor/security/SimpleAuthorizingInterceptor.java
org.apache.cxf.interceptor.security.AbstractAuthorizingInInterceptor	/home/nima/Desktop/taint-docker/table4/annotator/cxf/core/src/main/java/org/apache/cxf/interceptor/security/AbstractAuthorizingInInterceptor.java
org.apache.cxf.common.util.Base64Utility	/home/nima/Desktop/taint-docker/table4/annotator/cxf/core/src/main/java/org/apache/cxf/common/util/Base64Utility.java
org.apache.cxf.staxutils.WoodstoxHelper	/home/nima/Desktop/taint-docker/table4/annotator/cxf/core/src/main/java/org/apache/cxf/staxutils/WoodstoxHelper.java
org.apache.cxf.common.spi.ClassGeneratorClassLoader	/home/nima/Desktop/taint-docker/table4/annotator/cxf/core/src/main/java/org/apache/cxf/common/spi/ClassGeneratorClassLoader.java
org.apache.cxf.common.spi.ClassGeneratorClassLoader$TypeHelperClassLoader	/home/nima/Desktop/taint-docker/table4/annotator/cxf/core/src/main/java/org/apache/cxf/common/spi/ClassGeneratorClassLoader.java
org.apache.cxf.configuration.spring.StringBeanDefinitionParser	/home/nima/Desktop/taint-docker/table4/annotator/cxf/core/src/main/java/org/apache/cxf/configuration/spring/StringBeanDefinitionParser.java
org.apache.cxf.bus.managers.ServiceContractResolverRegistryImpl	/home/nima/Desktop/taint-docker/table4/annotator/cxf/core/src/main/java/org/apache/cxf/bus/managers/ServiceContractResolverRegistryImpl.java
org.apache.cxf.endpoint.ServiceContractResolverRegistry	/home/nima/Desktop/taint-docker/table4/annotator/cxf/core/src/main/java/org/apache/cxf/endpoint/ServiceContractResolverRegistry.java
org.apache.cxf.endpoint.ServiceContractResolver	/home/nima/Desktop/taint-docker/table4/annotator/cxf/core/src/main/java/org/apache/cxf/endpoint/ServiceContractResolver.java
org.apache.cxf.interceptor.security.DelegatingAuthenticationInterceptor	/home/nima/Desktop/taint-docker/table4/annotator/cxf/core/src/main/java/org/apache/cxf/interceptor/security/DelegatingAuthenticationInterceptor.java
org.apache.cxf.resource.DefaultResourceManager	/home/nima/Desktop/taint-docker/table4/annotator/cxf/core/src/main/java/org/apache/cxf/resource/DefaultResourceManager.java
org.apache.cxf.annotations.WSDLDocumentation	/home/nima/Desktop/taint-docker/table4/annotator/cxf/core/src/main/java/org/apache/cxf/annotations/WSDLDocumentation.java
org.apache.cxf.annotations.WSDLDocumentation$Placement	/home/nima/Desktop/taint-docker/table4/annotator/cxf/core/src/main/java/org/apache/cxf/annotations/WSDLDocumentation.java
org.apache.cxf.annotations.WSDLDocumentation$DEFAULT	/home/nima/Desktop/taint-docker/table4/annotator/cxf/core/src/main/java/org/apache/cxf/annotations/WSDLDocumentation.java
org.apache.cxf.service.factory.AnnotationsFactoryBeanListener	/home/nima/Desktop/taint-docker/table4/annotator/cxf/core/src/main/java/org/apache/cxf/service/factory/AnnotationsFactoryBeanListener.java
org.apache.cxf.annotations.EndpointProperty	/home/nima/Desktop/taint-docker/table4/annotator/cxf/core/src/main/java/org/apache/cxf/annotations/EndpointProperty.java
org.apache.cxf.annotations.DataBinding	/home/nima/Desktop/taint-docker/table4/annotator/cxf/core/src/main/java/org/apache/cxf/annotations/DataBinding.java
org.apache.cxf.annotations.GZIP	/home/nima/Desktop/taint-docker/table4/annotator/cxf/core/src/main/java/org/apache/cxf/annotations/GZIP.java
org.apache.cxf.annotations.FastInfoset	/home/nima/Desktop/taint-docker/table4/annotator/cxf/core/src/main/java/org/apache/cxf/annotations/FastInfoset.java
org.apache.cxf.interceptor.security.OperationInfoAuthorizingInterceptor	/home/nima/Desktop/taint-docker/table4/annotator/cxf/core/src/main/java/org/apache/cxf/interceptor/security/OperationInfoAuthorizingInterceptor.java
org.apache.cxf.bus.ManagedBus	/home/nima/Desktop/taint-docker/table4/annotator/cxf/core/src/main/java/org/apache/cxf/bus/ManagedBus.java
org.apache.cxf.management.ManagedComponent	/home/nima/Desktop/taint-docker/table4/annotator/cxf/core/src/main/java/org/apache/cxf/management/ManagedComponent.java
org.apache.cxf.management.annotation.ManagedResource	/home/nima/Desktop/taint-docker/table4/annotator/cxf/core/src/main/java/org/apache/cxf/management/annotation/ManagedResource.java
org.apache.cxf.configuration.jsse.TLSServerParametersConfig	/home/nima/Desktop/taint-docker/table4/annotator/cxf/core/src/main/java/org/apache/cxf/configuration/jsse/TLSServerParametersConfig.java
org.apache.cxf.configuration.jsse.TLSServerParametersConfig$TLSServerParametersTypeInternal	/home/nima/Desktop/taint-docker/table4/annotator/cxf/core/src/main/java/org/apache/cxf/configuration/jsse/TLSServerParametersConfig.java
org.apache.cxf.configuration.jsse.TLSServerParameters	/home/nima/Desktop/taint-docker/table4/annotator/cxf/core/src/main/java/org/apache/cxf/configuration/jsse/TLSServerParameters.java
org.apache.cxf.service.invoker.SingletonFactory	/home/nima/Desktop/taint-docker/table4/annotator/cxf/core/src/main/java/org/apache/cxf/service/invoker/SingletonFactory.java
org.apache.cxf.ws.addressing.v200403.AttributedURI	/home/nima/Desktop/taint-docker/table4/annotator/cxf/core/target/generated-sources/cxf-xjc-plugin/org/apache/cxf/ws/addressing/v200403/AttributedURI.java
org.apache.cxf.interceptor.OneWayProcessorInterceptor	/home/nima/Desktop/taint-docker/table4/annotator/cxf/core/src/main/java/org/apache/cxf/interceptor/OneWayProcessorInterceptor.java
org.apache.cxf.interceptor.OneWayProcessorInterceptor$1	/home/nima/Desktop/taint-docker/table4/annotator/cxf/core/src/main/java/org/apache/cxf/interceptor/OneWayProcessorInterceptor.java
org.apache.cxf.staxutils.DepthExceededStaxException	/home/nima/Desktop/taint-docker/table4/annotator/cxf/core/src/main/java/org/apache/cxf/staxutils/DepthExceededStaxException.java
org.apache.cxf.staxutils.W3CDOMStreamWriter	/home/nima/Desktop/taint-docker/table4/annotator/cxf/core/src/main/java/org/apache/cxf/staxutils/W3CDOMStreamWriter.java
org.apache.cxf.wsdl.http.BindingType	/home/nima/Desktop/taint-docker/table4/annotator/cxf/core/target/generated-sources/cxf-xjc-plugin/org/apache/cxf/wsdl/http/BindingType.java
org.apache.cxf.staxutils.PartialXMLStreamReader	/home/nima/Desktop/taint-docker/table4/annotator/cxf/core/src/main/java/org/apache/cxf/staxutils/PartialXMLStreamReader.java
org.apache.cxf.helpers.ServiceUtils	/home/nima/Desktop/taint-docker/table4/annotator/cxf/core/src/main/java/org/apache/cxf/helpers/ServiceUtils.java
org.apache.cxf.service.invoker.BeanInvoker	/home/nima/Desktop/taint-docker/table4/annotator/cxf/core/src/main/java/org/apache/cxf/service/invoker/BeanInvoker.java
org.apache.cxf.service.invoker.AbstractInvoker	/home/nima/Desktop/taint-docker/table4/annotator/cxf/core/src/main/java/org/apache/cxf/service/invoker/AbstractInvoker.java
org.apache.cxf.common.util.ProxyClassLoader	/home/nima/Desktop/taint-docker/table4/annotator/cxf/core/src/main/java/org/apache/cxf/common/util/ProxyClassLoader.java
org.apache.cxf.wsdl.http.AddressType	/home/nima/Desktop/taint-docker/table4/annotator/cxf/core/target/generated-sources/cxf-xjc-plugin/org/apache/cxf/wsdl/http/AddressType.java
org.apache.cxf.transport.MultiplexDestination	/home/nima/Desktop/taint-docker/table4/annotator/cxf/core/src/main/java/org/apache/cxf/transport/MultiplexDestination.java
org.apache.cxf.ws.addressing.wsdl.UsingAddressing	/home/nima/Desktop/taint-docker/table4/annotator/cxf/core/target/generated-sources/cxf-xjc-plugin/org/apache/cxf/ws/addressing/wsdl/UsingAddressing.java
org.apache.cxf.ws.addressing.MAPAggregator	/home/nima/Desktop/taint-docker/table4/annotator/cxf/core/src/main/java/org/apache/cxf/ws/addressing/MAPAggregator.java
org.apache.cxf.ws.addressing.MAPAggregator$MAPAggregatorLoader	/home/nima/Desktop/taint-docker/table4/annotator/cxf/core/src/main/java/org/apache/cxf/ws/addressing/MAPAggregator.java
org.apache.cxf.bus.extension.ExtensionRegistry	/home/nima/Desktop/taint-docker/table4/annotator/cxf/core/src/main/java/org/apache/cxf/bus/extension/ExtensionRegistry.java
org.apache.cxf.staxutils.transform.TransformUtils	/home/nima/Desktop/taint-docker/table4/annotator/cxf/core/src/main/java/org/apache/cxf/staxutils/transform/TransformUtils.java
org.apache.cxf.staxutils.transform.QNamesMap	/home/nima/Desktop/taint-docker/table4/annotator/cxf/core/src/main/java/org/apache/cxf/staxutils/transform/QNamesMap.java
org.apache.cxf.staxutils.transform.ElementProperty	/home/nima/Desktop/taint-docker/table4/annotator/cxf/core/src/main/java/org/apache/cxf/staxutils/transform/ElementProperty.java
org.apache.cxf.staxutils.transform.ParsingEvent	/home/nima/Desktop/taint-docker/table4/annotator/cxf/core/src/main/java/org/apache/cxf/staxutils/transform/ParsingEvent.java
org.apache.cxf.endpoint.EndpointResolverRegistry	/home/nima/Desktop/taint-docker/table4/annotator/cxf/core/src/main/java/org/apache/cxf/endpoint/EndpointResolverRegistry.java
org.apache.cxf.bus.spring.BusApplicationContext	/home/nima/Desktop/taint-docker/table4/annotator/cxf/core/src/main/java/org/apache/cxf/bus/spring/BusApplicationContext.java
org.apache.cxf.bus.spring.BusApplicationContext$1	/home/nima/Desktop/taint-docker/table4/annotator/cxf/core/src/main/java/org/apache/cxf/bus/spring/BusApplicationContext.java
org.apache.cxf.bus.spring.BusApplicationContext$2	/home/nima/Desktop/taint-docker/table4/annotator/cxf/core/src/main/java/org/apache/cxf/bus/spring/BusApplicationContext.java
org.apache.cxf.bus.spring.BusApplicationContext$3	/home/nima/Desktop/taint-docker/table4/annotator/cxf/core/src/main/java/org/apache/cxf/bus/spring/BusApplicationContext.java
org.apache.cxf.bus.spring.BusApplicationContext$4	/home/nima/Desktop/taint-docker/table4/annotator/cxf/core/src/main/java/org/apache/cxf/bus/spring/BusApplicationContext.java
org.apache.cxf.bus.spring.BusApplicationContext$5	/home/nima/Desktop/taint-docker/table4/annotator/cxf/core/src/main/java/org/apache/cxf/bus/spring/BusApplicationContext.java
org.apache.cxf.ws.addressing.wsdl.Anonymous	/home/nima/Desktop/taint-docker/table4/annotator/cxf/core/target/generated-sources/cxf-xjc-plugin/org/apache/cxf/ws/addressing/wsdl/Anonymous.java
org.apache.cxf.ws.addressing.wsdl.AnonymousType	/home/nima/Desktop/taint-docker/table4/annotator/cxf/core/target/generated-sources/cxf-xjc-plugin/org/apache/cxf/ws/addressing/wsdl/AnonymousType.java
org.apache.cxf.common.util.MessageDigestInputStream	/home/nima/Desktop/taint-docker/table4/annotator/cxf/core/src/main/java/org/apache/cxf/common/util/MessageDigestInputStream.java
org.apache.cxf.BusFactory	/home/nima/Desktop/taint-docker/table4/annotator/cxf/core/src/main/java/org/apache/cxf/BusFactory.java
org.apache.cxf.BusFactory$BusHolder	/home/nima/Desktop/taint-docker/table4/annotator/cxf/core/src/main/java/org/apache/cxf/BusFactory.java
org.apache.cxf.annotations.FactoryType	/home/nima/Desktop/taint-docker/table4/annotator/cxf/core/src/main/java/org/apache/cxf/annotations/FactoryType.java
org.apache.cxf.annotations.FactoryType$Type	/home/nima/Desktop/taint-docker/table4/annotator/cxf/core/src/main/java/org/apache/cxf/annotations/FactoryType.java
org.apache.cxf.annotations.FactoryType$DEFAULT	/home/nima/Desktop/taint-docker/table4/annotator/cxf/core/src/main/java/org/apache/cxf/annotations/FactoryType.java
org.apache.cxf.ws.addressing.v200403.ObjectFactory	/home/nima/Desktop/taint-docker/table4/annotator/cxf/core/target/generated-sources/cxf-xjc-plugin/org/apache/cxf/ws/addressing/v200403/ObjectFactory.java
org.apache.cxf.ws.addressing.v200403.EndpointReferenceType	/home/nima/Desktop/taint-docker/table4/annotator/cxf/core/target/generated-sources/cxf-xjc-plugin/org/apache/cxf/ws/addressing/v200403/EndpointReferenceType.java
org.apache.cxf.ws.addressing.v200403.ReferencePropertiesType	/home/nima/Desktop/taint-docker/table4/annotator/cxf/core/target/generated-sources/cxf-xjc-plugin/org/apache/cxf/ws/addressing/v200403/ReferencePropertiesType.java
org.apache.cxf.ws.addressing.v200403.ServiceNameType	/home/nima/Desktop/taint-docker/table4/annotator/cxf/core/target/generated-sources/cxf-xjc-plugin/org/apache/cxf/ws/addressing/v200403/ServiceNameType.java
org.apache.cxf.ws.addressing.v200403.ReplyAfterType	/home/nima/Desktop/taint-docker/table4/annotator/cxf/core/target/generated-sources/cxf-xjc-plugin/org/apache/cxf/ws/addressing/v200403/ReplyAfterType.java
org.apache.cxf.ws.addressing.v200403.AttributedQName	/home/nima/Desktop/taint-docker/table4/annotator/cxf/core/target/generated-sources/cxf-xjc-plugin/org/apache/cxf/ws/addressing/v200403/AttributedQName.java
org.apache.cxf.policy.PolicyDataEngine	/home/nima/Desktop/taint-docker/table4/annotator/cxf/core/src/main/java/org/apache/cxf/policy/PolicyDataEngine.java
org.apache.cxf.policy.PolicyCalculator	/home/nima/Desktop/taint-docker/table4/annotator/cxf/core/src/main/java/org/apache/cxf/policy/PolicyCalculator.java
org.apache.cxf.common.util.UrlUtils	/home/nima/Desktop/taint-docker/table4/annotator/cxf/core/src/main/java/org/apache/cxf/common/util/UrlUtils.java
org.apache.cxf.common.util.URIParserUtil	/home/nima/Desktop/taint-docker/table4/annotator/cxf/core/src/main/java/org/apache/cxf/common/util/URIParserUtil.java
org.apache.cxf.resource.PropertiesResolver	/home/nima/Desktop/taint-docker/table4/annotator/cxf/core/src/main/java/org/apache/cxf/resource/PropertiesResolver.java
org.apache.cxf.common.util.SystemPropertyAction	/home/nima/Desktop/taint-docker/table4/annotator/cxf/core/src/main/java/org/apache/cxf/common/util/SystemPropertyAction.java
org.apache.cxf.common.util.SystemPropertyAction$1	/home/nima/Desktop/taint-docker/table4/annotator/cxf/core/src/main/java/org/apache/cxf/common/util/SystemPropertyAction.java
org.apache.cxf.phase.PhaseManager	/home/nima/Desktop/taint-docker/table4/annotator/cxf/core/src/main/java/org/apache/cxf/phase/PhaseManager.java
org.apache.cxf.common.util.XmlSchemaPrimitiveUtils	/home/nima/Desktop/taint-docker/table4/annotator/cxf/core/src/main/java/org/apache/cxf/common/util/XmlSchemaPrimitiveUtils.java
org.apache.cxf.bus.spring.SpringBusFactory	/home/nima/Desktop/taint-docker/table4/annotator/cxf/core/src/main/java/org/apache/cxf/bus/spring/SpringBusFactory.java
org.apache.cxf.bus.spring.SpringBusFactory$1	/home/nima/Desktop/taint-docker/table4/annotator/cxf/core/src/main/java/org/apache/cxf/bus/spring/SpringBusFactory.java
org.apache.cxf.bus.spring.SpringBusFactory$BusApplicationContextLifeCycleListener	/home/nima/Desktop/taint-docker/table4/annotator/cxf/core/src/main/java/org/apache/cxf/bus/spring/SpringBusFactory.java
org.apache.cxf.transport.TransportFinder	/home/nima/Desktop/taint-docker/table4/annotator/cxf/core/src/main/java/org/apache/cxf/transport/TransportFinder.java
org.apache.cxf.transport.TransportFinder$1	/home/nima/Desktop/taint-docker/table4/annotator/cxf/core/src/main/java/org/apache/cxf/transport/TransportFinder.java
org.apache.cxf.transport.TransportFinder$2	/home/nima/Desktop/taint-docker/table4/annotator/cxf/core/src/main/java/org/apache/cxf/transport/TransportFinder.java
org.apache.cxf.transport.TransportFinder$3	/home/nima/Desktop/taint-docker/table4/annotator/cxf/core/src/main/java/org/apache/cxf/transport/TransportFinder.java
org.apache.cxf.transport.TransportFinder$URIBeanLoaderListener	/home/nima/Desktop/taint-docker/table4/annotator/cxf/core/src/main/java/org/apache/cxf/transport/TransportFinder.java
org.apache.cxf.transport.TransportFinder$4	/home/nima/Desktop/taint-docker/table4/annotator/cxf/core/src/main/java/org/apache/cxf/transport/TransportFinder.java
org.apache.cxf.transport.TransportFinder$5	/home/nima/Desktop/taint-docker/table4/annotator/cxf/core/src/main/java/org/apache/cxf/transport/TransportFinder.java
org.apache.cxf.bus.managers.PhaseManagerImpl	/home/nima/Desktop/taint-docker/table4/annotator/cxf/core/src/main/java/org/apache/cxf/bus/managers/PhaseManagerImpl.java
org.apache.cxf.extension.BusExtension	/home/nima/Desktop/taint-docker/table4/annotator/cxf/core/src/main/java/org/apache/cxf/extension/BusExtension.java
org.apache.cxf.attachment.AttachmentSerializer	/home/nima/Desktop/taint-docker/table4/annotator/cxf/core/src/main/java/org/apache/cxf/attachment/AttachmentSerializer.java
org.apache.cxf.attachment.MimeBodyPartInputStream	/home/nima/Desktop/taint-docker/table4/annotator/cxf/core/src/main/java/org/apache/cxf/attachment/MimeBodyPartInputStream.java
org.apache.cxf.annotations.EndpointProperties	/home/nima/Desktop/taint-docker/table4/annotator/cxf/core/src/main/java/org/apache/cxf/annotations/EndpointProperties.java
org.apache.cxf.common.util.ASMHelper	/home/nima/Desktop/taint-docker/table4/annotator/cxf/core/src/main/java/org/apache/cxf/common/util/ASMHelper.java
org.apache.cxf.common.util.ASMHelper$ASMType	/home/nima/Desktop/taint-docker/table4/annotator/cxf/core/src/main/java/org/apache/cxf/common/util/ASMHelper.java
org.apache.cxf.common.util.ASMHelper$ClassWriter	/home/nima/Desktop/taint-docker/table4/annotator/cxf/core/src/main/java/org/apache/cxf/common/util/ASMHelper.java
org.apache.cxf.common.util.ASMHelper$Label	/home/nima/Desktop/taint-docker/table4/annotator/cxf/core/src/main/java/org/apache/cxf/common/util/ASMHelper.java
org.apache.cxf.common.util.ASMHelper$FieldVisitor	/home/nima/Desktop/taint-docker/table4/annotator/cxf/core/src/main/java/org/apache/cxf/common/util/ASMHelper.java
org.apache.cxf.common.util.ASMHelper$MethodVisitor	/home/nima/Desktop/taint-docker/table4/annotator/cxf/core/src/main/java/org/apache/cxf/common/util/ASMHelper.java
org.apache.cxf.common.util.ASMHelper$AnnotationVisitor	/home/nima/Desktop/taint-docker/table4/annotator/cxf/core/src/main/java/org/apache/cxf/common/util/ASMHelper.java
org.apache.cxf.common.util.OpcodesProxy	/home/nima/Desktop/taint-docker/table4/annotator/cxf/core/src/main/java/org/apache/cxf/common/util/OpcodesProxy.java
org.apache.cxf.message.XMLMessage	/home/nima/Desktop/taint-docker/table4/annotator/cxf/core/src/main/java/org/apache/cxf/message/XMLMessage.java
org.apache.cxf.message.AbstractWrappedMessage	/home/nima/Desktop/taint-docker/table4/annotator/cxf/core/src/main/java/org/apache/cxf/message/AbstractWrappedMessage.java
org.apache.cxf.endpoint.SimpleEndpointImplFactory	/home/nima/Desktop/taint-docker/table4/annotator/cxf/core/src/main/java/org/apache/cxf/endpoint/SimpleEndpointImplFactory.java
org.apache.cxf.validation.ResponseConstraintViolationException	/home/nima/Desktop/taint-docker/table4/annotator/cxf/core/src/main/java/org/apache/cxf/validation/ResponseConstraintViolationException.java
org.apache.cxf.staxutils.validation.Stax2ValidationUtils	/home/nima/Desktop/taint-docker/table4/annotator/cxf/core/src/main/java/org/apache/cxf/staxutils/validation/Stax2ValidationUtils.java
org.apache.cxf.staxutils.validation.Stax2ValidationUtils$1	/home/nima/Desktop/taint-docker/table4/annotator/cxf/core/src/main/java/org/apache/cxf/staxutils/validation/Stax2ValidationUtils.java
org.apache.cxf.staxutils.validation.Stax2ValidationUtils$2	/home/nima/Desktop/taint-docker/table4/annotator/cxf/core/src/main/java/org/apache/cxf/staxutils/validation/Stax2ValidationUtils.java
org.apache.cxf.common.spi.NamespaceClassGenerator	/home/nima/Desktop/taint-docker/table4/annotator/cxf/core/src/main/java/org/apache/cxf/common/spi/NamespaceClassGenerator.java
org.apache.cxf.common.spi.NamespaceClassCreator	/home/nima/Desktop/taint-docker/table4/annotator/cxf/core/src/main/java/org/apache/cxf/common/spi/NamespaceClassCreator.java
org.apache.cxf.configuration.jsse.TLSClientParametersConfig	/home/nima/Desktop/taint-docker/table4/annotator/cxf/core/src/main/java/org/apache/cxf/configuration/jsse/TLSClientParametersConfig.java
org.apache.cxf.configuration.jsse.TLSClientParametersConfig$TLSClientParametersTypeInternal	/home/nima/Desktop/taint-docker/table4/annotator/cxf/core/src/main/java/org/apache/cxf/configuration/jsse/TLSClientParametersConfig.java
org.apache.cxf.io.AbstractThresholdOutputStream	/home/nima/Desktop/taint-docker/table4/annotator/cxf/core/src/main/java/org/apache/cxf/io/AbstractThresholdOutputStream.java
org.apache.cxf.helpers.LoadingByteArrayOutputStream	/home/nima/Desktop/taint-docker/table4/annotator/cxf/core/src/main/java/org/apache/cxf/helpers/LoadingByteArrayOutputStream.java
org.apache.cxf.helpers.LoadingByteArrayOutputStream$LoadedByteArrayInputStream	/home/nima/Desktop/taint-docker/table4/annotator/cxf/core/src/main/java/org/apache/cxf/helpers/LoadingByteArrayOutputStream.java
org.apache.cxf.security.claims.authorization.Claim	/home/nima/Desktop/taint-docker/table4/annotator/cxf/core/src/main/java/org/apache/cxf/security/claims/authorization/Claim.java
org.apache.cxf.transport.DestinationFactoryManager	/home/nima/Desktop/taint-docker/table4/annotator/cxf/core/src/main/java/org/apache/cxf/transport/DestinationFactoryManager.java
org.apache.cxf.transport.DestinationFactory	/home/nima/Desktop/taint-docker/table4/annotator/cxf/core/src/main/java/org/apache/cxf/transport/DestinationFactory.java
org.apache.cxf.attachment.LazyAttachmentCollection	/home/nima/Desktop/taint-docker/table4/annotator/cxf/core/src/main/java/org/apache/cxf/attachment/LazyAttachmentCollection.java
org.apache.cxf.attachment.LazyAttachmentCollection$1	/home/nima/Desktop/taint-docker/table4/annotator/cxf/core/src/main/java/org/apache/cxf/attachment/LazyAttachmentCollection.java
org.apache.cxf.attachment.LazyAttachmentCollection$LazyAttachmentMap	/home/nima/Desktop/taint-docker/table4/annotator/cxf/core/src/main/java/org/apache/cxf/attachment/LazyAttachmentCollection.java
org.apache.cxf.attachment.LazyAttachmentCollection$LazyAttachmentMap$1	/home/nima/Desktop/taint-docker/table4/annotator/cxf/core/src/main/java/org/apache/cxf/attachment/LazyAttachmentCollection.java
org.apache.cxf.attachment.LazyAttachmentCollection$LazyAttachmentMap$1$1	/home/nima/Desktop/taint-docker/table4/annotator/cxf/core/src/main/java/org/apache/cxf/attachment/LazyAttachmentCollection.java
org.apache.cxf.attachment.LazyAttachmentCollection$LazyAttachmentMap$1$1$1	/home/nima/Desktop/taint-docker/table4/annotator/cxf/core/src/main/java/org/apache/cxf/attachment/LazyAttachmentCollection.java
org.apache.cxf.attachment.LazyAttachmentCollection$LazyAttachmentMap$2	/home/nima/Desktop/taint-docker/table4/annotator/cxf/core/src/main/java/org/apache/cxf/attachment/LazyAttachmentCollection.java
org.apache.cxf.attachment.LazyAttachmentCollection$LazyAttachmentMap$2$1	/home/nima/Desktop/taint-docker/table4/annotator/cxf/core/src/main/java/org/apache/cxf/attachment/LazyAttachmentCollection.java
org.apache.cxf.attachment.LazyAttachmentCollection$LazyAttachmentMap$3	/home/nima/Desktop/taint-docker/table4/annotator/cxf/core/src/main/java/org/apache/cxf/attachment/LazyAttachmentCollection.java
org.apache.cxf.attachment.LazyAttachmentCollection$LazyAttachmentMap$3$1	/home/nima/Desktop/taint-docker/table4/annotator/cxf/core/src/main/java/org/apache/cxf/attachment/LazyAttachmentCollection.java
org.apache.cxf.attachment.AttachmentDeserializer	/home/nima/Desktop/taint-docker/table4/annotator/cxf/core/src/main/java/org/apache/cxf/attachment/AttachmentDeserializer.java
org.apache.cxf.attachment.DelegatingInputStream	/home/nima/Desktop/taint-docker/table4/annotator/cxf/core/src/main/java/org/apache/cxf/attachment/DelegatingInputStream.java
org.apache.cxf.attachment.AttachmentImpl	/home/nima/Desktop/taint-docker/table4/annotator/cxf/core/src/main/java/org/apache/cxf/attachment/AttachmentImpl.java
org.apache.cxf.feature.StaxTransformFeature	/home/nima/Desktop/taint-docker/table4/annotator/cxf/core/src/main/java/org/apache/cxf/feature/StaxTransformFeature.java
org.apache.cxf.feature.StaxTransformFeature$Portable	/home/nima/Desktop/taint-docker/table4/annotator/cxf/core/src/main/java/org/apache/cxf/feature/StaxTransformFeature.java
org.apache.cxf.interceptor.transform.TransformInInterceptor	/home/nima/Desktop/taint-docker/table4/annotator/cxf/core/src/main/java/org/apache/cxf/interceptor/transform/TransformInInterceptor.java
org.apache.cxf.interceptor.AbstractOutDatabindingInterceptor	/home/nima/Desktop/taint-docker/table4/annotator/cxf/core/src/main/java/org/apache/cxf/interceptor/AbstractOutDatabindingInterceptor.java
org.apache.cxf.interceptor.transform.TransformOutInterceptor	/home/nima/Desktop/taint-docker/table4/annotator/cxf/core/src/main/java/org/apache/cxf/interceptor/transform/TransformOutInterceptor.java
org.apache.cxf.message.MessageContentsList	/home/nima/Desktop/taint-docker/table4/annotator/cxf/core/src/main/java/org/apache/cxf/message/MessageContentsList.java
org.apache.cxf.service.invoker.FactoryInvoker	/home/nima/Desktop/taint-docker/table4/annotator/cxf/core/src/main/java/org/apache/cxf/service/invoker/FactoryInvoker.java
org.apache.cxf.management.InstrumentationManager	/home/nima/Desktop/taint-docker/table4/annotator/cxf/core/src/main/java/org/apache/cxf/management/InstrumentationManager.java
org.apache.cxf.ws.addressing.v200408.ReferenceParametersType	/home/nima/Desktop/taint-docker/table4/annotator/cxf/core/target/generated-sources/cxf-xjc-plugin/org/apache/cxf/ws/addressing/v200408/ReferenceParametersType.java
org.apache.cxf.endpoint.ServerLifeCycleListener	/home/nima/Desktop/taint-docker/table4/annotator/cxf/core/src/main/java/org/apache/cxf/endpoint/ServerLifeCycleListener.java
org.apache.cxf.extension.RegistryImpl	/home/nima/Desktop/taint-docker/table4/annotator/cxf/core/src/main/java/org/apache/cxf/extension/RegistryImpl.java
org.apache.cxf.interceptor.AttachmentInInterceptor	/home/nima/Desktop/taint-docker/table4/annotator/cxf/core/src/main/java/org/apache/cxf/interceptor/AttachmentInInterceptor.java
org.apache.cxf.wsdl.http.OperationType	/home/nima/Desktop/taint-docker/table4/annotator/cxf/core/target/generated-sources/cxf-xjc-plugin/org/apache/cxf/wsdl/http/OperationType.java
org.apache.cxf.common.spi.GeneratedClassClassLoader	/home/nima/Desktop/taint-docker/table4/annotator/cxf/core/src/main/java/org/apache/cxf/common/spi/GeneratedClassClassLoader.java
org.apache.cxf.common.spi.GeneratedClassClassLoader$TypeHelperClassLoader	/home/nima/Desktop/taint-docker/table4/annotator/cxf/core/src/main/java/org/apache/cxf/common/spi/GeneratedClassClassLoader.java
org.apache.cxf.workqueue.SynchronousExecutor	/home/nima/Desktop/taint-docker/table4/annotator/cxf/core/src/main/java/org/apache/cxf/workqueue/SynchronousExecutor.java
org.apache.cxf.databinding.source.SourceDataBinding	/home/nima/Desktop/taint-docker/table4/annotator/cxf/core/src/main/java/org/apache/cxf/databinding/source/SourceDataBinding.java
org.apache.cxf.databinding.source.SourceDataBinding$1	/home/nima/Desktop/taint-docker/table4/annotator/cxf/core/src/main/java/org/apache/cxf/databinding/source/SourceDataBinding.java
org.apache.cxf.service.invoker.PooledFactory	/home/nima/Desktop/taint-docker/table4/annotator/cxf/core/src/main/java/org/apache/cxf/service/invoker/PooledFactory.java
org.apache.cxf.ws.addressing.JAXWSAConstants	/home/nima/Desktop/taint-docker/table4/annotator/cxf/core/src/main/java/org/apache/cxf/ws/addressing/JAXWSAConstants.java
org.apache.cxf.ws.addressing.ContextUtils	/home/nima/Desktop/taint-docker/table4/annotator/cxf/core/src/main/java/org/apache/cxf/ws/addressing/ContextUtils.java
org.apache.cxf.ws.addressing.ContextUtils$1	/home/nima/Desktop/taint-docker/table4/annotator/cxf/core/src/main/java/org/apache/cxf/ws/addressing/ContextUtils.java
org.apache.cxf.ws.addressing.ContextUtils$1$1	/home/nima/Desktop/taint-docker/table4/annotator/cxf/core/src/main/java/org/apache/cxf/ws/addressing/ContextUtils.java
org.apache.cxf.bus.managers.WorkQueueManagerImplMBeanWrapper	/home/nima/Desktop/taint-docker/table4/annotator/cxf/core/src/main/java/org/apache/cxf/bus/managers/WorkQueueManagerImplMBeanWrapper.java
org.apache.cxf.bus.managers.WorkQueueManagerImpl	/home/nima/Desktop/taint-docker/table4/annotator/cxf/core/src/main/java/org/apache/cxf/bus/managers/WorkQueueManagerImpl.java
org.apache.cxf.bus.managers.WorkQueueManagerImpl$WQLifecycleListener	/home/nima/Desktop/taint-docker/table4/annotator/cxf/core/src/main/java/org/apache/cxf/bus/managers/WorkQueueManagerImpl.java
org.apache.cxf.interceptor.FIStaxInInterceptor	/home/nima/Desktop/taint-docker/table4/annotator/cxf/core/src/main/java/org/apache/cxf/interceptor/FIStaxInInterceptor.java
org.apache.cxf.message.MessageImpl	/home/nima/Desktop/taint-docker/table4/annotator/cxf/core/src/main/java/org/apache/cxf/message/MessageImpl.java
org.apache.cxf.message.StringMapImpl	/home/nima/Desktop/taint-docker/table4/annotator/cxf/core/src/main/java/org/apache/cxf/message/StringMapImpl.java
org.apache.cxf.interceptor.ClientFaultConverter	/home/nima/Desktop/taint-docker/table4/annotator/cxf/core/src/main/java/org/apache/cxf/interceptor/ClientFaultConverter.java
org.apache.cxf.interceptor.AbstractInDatabindingInterceptor	/home/nima/Desktop/taint-docker/table4/annotator/cxf/core/src/main/java/org/apache/cxf/interceptor/AbstractInDatabindingInterceptor.java
org.apache.cxf.continuations.ContinuationProvider	/home/nima/Desktop/taint-docker/table4/annotator/cxf/core/src/main/java/org/apache/cxf/continuations/ContinuationProvider.java
org.apache.cxf.continuations.Continuation	/home/nima/Desktop/taint-docker/table4/annotator/cxf/core/src/main/java/org/apache/cxf/continuations/Continuation.java
org.apache.cxf.helpers.HttpHeaderHelper	/home/nima/Desktop/taint-docker/table4/annotator/cxf/core/src/main/java/org/apache/cxf/helpers/HttpHeaderHelper.java
org.apache.cxf.transport.MultipleEndpointObserver	/home/nima/Desktop/taint-docker/table4/annotator/cxf/core/src/main/java/org/apache/cxf/transport/MultipleEndpointObserver.java
org.apache.cxf.common.security.SimpleGroup	/home/nima/Desktop/taint-docker/table4/annotator/cxf/core/src/main/java/org/apache/cxf/common/security/SimpleGroup.java
org.apache.cxf.common.security.SimpleGroup$1	/home/nima/Desktop/taint-docker/table4/annotator/cxf/core/src/main/java/org/apache/cxf/common/security/SimpleGroup.java
org.apache.cxf.common.security.SimplePrincipal	/home/nima/Desktop/taint-docker/table4/annotator/cxf/core/src/main/java/org/apache/cxf/common/security/SimplePrincipal.java
org.apache.cxf.common.security.GroupPrincipal	/home/nima/Desktop/taint-docker/table4/annotator/cxf/core/src/main/java/org/apache/cxf/common/security/GroupPrincipal.java
org.apache.cxf.annotations.Policies	/home/nima/Desktop/taint-docker/table4/annotator/cxf/core/src/main/java/org/apache/cxf/annotations/Policies.java
org.apache.cxf.annotations.Policy	/home/nima/Desktop/taint-docker/table4/annotator/cxf/core/src/main/java/org/apache/cxf/annotations/Policy.java
org.apache.cxf.annotations.Policy$Placement	/home/nima/Desktop/taint-docker/table4/annotator/cxf/core/src/main/java/org/apache/cxf/annotations/Policy.java
org.apache.cxf.annotations.Policy$DEFAULT	/home/nima/Desktop/taint-docker/table4/annotator/cxf/core/src/main/java/org/apache/cxf/annotations/Policy.java
org.apache.cxf.feature.validation.DefaultSchemaValidationTypeProvider	/home/nima/Desktop/taint-docker/table4/annotator/cxf/core/src/main/java/org/apache/cxf/feature/validation/DefaultSchemaValidationTypeProvider.java
org.apache.cxf.feature.validation.SchemaValidationTypeProvider	/home/nima/Desktop/taint-docker/table4/annotator/cxf/core/src/main/java/org/apache/cxf/feature/validation/SchemaValidationTypeProvider.java
org.apache.cxf.common.util.StringUtils	/home/nima/Desktop/taint-docker/table4/annotator/cxf/core/src/main/java/org/apache/cxf/common/util/StringUtils.java
org.apache.cxf.common.annotation.AnnotationProcessor	/home/nima/Desktop/taint-docker/table4/annotator/cxf/core/src/main/java/org/apache/cxf/common/annotation/AnnotationProcessor.java
org.apache.cxf.databinding.WrapperCapableDatabinding	/home/nima/Desktop/taint-docker/table4/annotator/cxf/core/src/main/java/org/apache/cxf/databinding/WrapperCapableDatabinding.java
org.apache.cxf.interceptor.LoggingInInterceptor	/home/nima/Desktop/taint-docker/table4/annotator/cxf/core/src/main/java/org/apache/cxf/interceptor/LoggingInInterceptor.java
org.apache.cxf.interceptor.LoggingMessage	/home/nima/Desktop/taint-docker/table4/annotator/cxf/core/src/main/java/org/apache/cxf/interceptor/LoggingMessage.java
org.apache.cxf.common.util.StreamPrinter	/home/nima/Desktop/taint-docker/table4/annotator/cxf/core/src/main/java/org/apache/cxf/common/util/StreamPrinter.java
org.apache.cxf.attachment.ContentDisposition	/home/nima/Desktop/taint-docker/table4/annotator/cxf/core/src/main/java/org/apache/cxf/attachment/ContentDisposition.java
org.apache.cxf.common.util.Base64UrlOutputStream	/home/nima/Desktop/taint-docker/table4/annotator/cxf/core/src/main/java/org/apache/cxf/common/util/Base64UrlOutputStream.java
org.apache.cxf.common.util.Base64OutputStream	/home/nima/Desktop/taint-docker/table4/annotator/cxf/core/src/main/java/org/apache/cxf/common/util/Base64OutputStream.java
org.apache.cxf.workqueue.AutomaticWorkQueueImpl	/home/nima/Desktop/taint-docker/table4/annotator/cxf/core/src/main/java/org/apache/cxf/workqueue/AutomaticWorkQueueImpl.java
org.apache.cxf.workqueue.AutomaticWorkQueueImpl$1	/home/nima/Desktop/taint-docker/table4/annotator/cxf/core/src/main/java/org/apache/cxf/workqueue/AutomaticWorkQueueImpl.java
org.apache.cxf.workqueue.AutomaticWorkQueueImpl$2	/home/nima/Desktop/taint-docker/table4/annotator/cxf/core/src/main/java/org/apache/cxf/workqueue/AutomaticWorkQueueImpl.java
org.apache.cxf.workqueue.AutomaticWorkQueueImpl$DelayedTaskWrapper	/home/nima/Desktop/taint-docker/table4/annotator/cxf/core/src/main/java/org/apache/cxf/workqueue/AutomaticWorkQueueImpl.java
org.apache.cxf.workqueue.AutomaticWorkQueueImpl$WatchDog	/home/nima/Desktop/taint-docker/table4/annotator/cxf/core/src/main/java/org/apache/cxf/workqueue/AutomaticWorkQueueImpl.java
org.apache.cxf.workqueue.AutomaticWorkQueueImpl$AWQThreadFactory	/home/nima/Desktop/taint-docker/table4/annotator/cxf/core/src/main/java/org/apache/cxf/workqueue/AutomaticWorkQueueImpl.java
org.apache.cxf.workqueue.AutomaticWorkQueueImpl$AWQThreadFactory$1	/home/nima/Desktop/taint-docker/table4/annotator/cxf/core/src/main/java/org/apache/cxf/workqueue/AutomaticWorkQueueImpl.java
org.apache.cxf.workqueue.AutomaticWorkQueueImpl$AWQThreadFactory$2	/home/nima/Desktop/taint-docker/table4/annotator/cxf/core/src/main/java/org/apache/cxf/workqueue/AutomaticWorkQueueImpl.java
org.apache.cxf.workqueue.AutomaticWorkQueueImpl$3	/home/nima/Desktop/taint-docker/table4/annotator/cxf/core/src/main/java/org/apache/cxf/workqueue/AutomaticWorkQueueImpl.java
org.apache.cxf.transport.AbstractConduit	/home/nima/Desktop/taint-docker/table4/annotator/cxf/core/src/main/java/org/apache/cxf/transport/AbstractConduit.java
org.apache.cxf.bus.spring.SpringBeanLocator	/home/nima/Desktop/taint-docker/table4/annotator/cxf/core/src/main/java/org/apache/cxf/bus/spring/SpringBeanLocator.java
org.apache.cxf.ws.addressing.EndpointReferenceUtils	/home/nima/Desktop/taint-docker/table4/annotator/cxf/core/src/main/java/org/apache/cxf/ws/addressing/EndpointReferenceUtils.java
org.apache.cxf.ws.addressing.EndpointReferenceUtils$SchemaLSResourceResolver	/home/nima/Desktop/taint-docker/table4/annotator/cxf/core/src/main/java/org/apache/cxf/ws/addressing/EndpointReferenceUtils.java
org.apache.cxf.ws.addressing.wsdl.ObjectFactory	/home/nima/Desktop/taint-docker/table4/annotator/cxf/core/target/generated-sources/cxf-xjc-plugin/org/apache/cxf/ws/addressing/wsdl/ObjectFactory.java
org.apache.cxf.ws.addressing.wsdl.ServiceNameType	/home/nima/Desktop/taint-docker/table4/annotator/cxf/core/target/generated-sources/cxf-xjc-plugin/org/apache/cxf/ws/addressing/wsdl/ServiceNameType.java
org.apache.cxf.ws.addressing.wsdl.AttributedQNameType	/home/nima/Desktop/taint-docker/table4/annotator/cxf/core/target/generated-sources/cxf-xjc-plugin/org/apache/cxf/ws/addressing/wsdl/AttributedQNameType.java
org.apache.cxf.resource.ExtendedURIResolver	/home/nima/Desktop/taint-docker/table4/annotator/cxf/core/src/main/java/org/apache/cxf/resource/ExtendedURIResolver.java
org.apache.cxf.common.xmlschema.LSInputImpl	/home/nima/Desktop/taint-docker/table4/annotator/cxf/core/src/main/java/org/apache/cxf/common/xmlschema/LSInputImpl.java
org.apache.cxf.resource.URIResolver	/home/nima/Desktop/taint-docker/table4/annotator/cxf/core/src/main/java/org/apache/cxf/resource/URIResolver.java
org.apache.cxf.resource.URIResolver$1	/home/nima/Desktop/taint-docker/table4/annotator/cxf/core/src/main/java/org/apache/cxf/resource/URIResolver.java
org.apache.cxf.common.security.SimpleSecurityContext	/home/nima/Desktop/taint-docker/table4/annotator/cxf/core/src/main/java/org/apache/cxf/common/security/SimpleSecurityContext.java
org.apache.cxf.annotations.Logging	/home/nima/Desktop/taint-docker/table4/annotator/cxf/core/src/main/java/org/apache/cxf/annotations/Logging.java
org.apache.cxf.validation.BeanValidationProvider	/home/nima/Desktop/taint-docker/table4/annotator/cxf/core/src/main/java/org/apache/cxf/validation/BeanValidationProvider.java
org.apache.cxf.validation.BeanValidationProvider$RuntimeCache	/home/nima/Desktop/taint-docker/table4/annotator/cxf/core/src/main/java/org/apache/cxf/validation/BeanValidationProvider.java
org.apache.cxf.validation.ValidationConfiguration	/home/nima/Desktop/taint-docker/table4/annotator/cxf/core/src/main/java/org/apache/cxf/validation/ValidationConfiguration.java
org.apache.cxf.validation.ClientBeanValidationOutInterceptor	/home/nima/Desktop/taint-docker/table4/annotator/cxf/core/src/main/java/org/apache/cxf/validation/ClientBeanValidationOutInterceptor.java
org.apache.cxf.validation.AbstractBeanValidationInterceptor	/home/nima/Desktop/taint-docker/table4/annotator/cxf/core/src/main/java/org/apache/cxf/validation/AbstractBeanValidationInterceptor.java
org.apache.cxf.validation.AbstractValidationInterceptor	/home/nima/Desktop/taint-docker/table4/annotator/cxf/core/src/main/java/org/apache/cxf/validation/AbstractValidationInterceptor.java
org.apache.cxf.interceptor.security.callback.CertificateToNameMapper	/home/nima/Desktop/taint-docker/table4/annotator/cxf/core/src/main/java/org/apache/cxf/interceptor/security/callback/CertificateToNameMapper.java
org.apache.cxf.service.invoker.SessionFactory	/home/nima/Desktop/taint-docker/table4/annotator/cxf/core/src/main/java/org/apache/cxf/service/invoker/SessionFactory.java
org.apache.cxf.transport.Assertor	/home/nima/Desktop/taint-docker/table4/annotator/cxf/core/src/main/java/org/apache/cxf/transport/Assertor.java
org.apache.cxf.interceptor.security.callback.CertKeyToUserNameMapper	/home/nima/Desktop/taint-docker/table4/annotator/cxf/core/src/main/java/org/apache/cxf/interceptor/security/callback/CertKeyToUserNameMapper.java
org.apache.cxf.common.spi.GeneratedClassClassLoaderCapture	/home/nima/Desktop/taint-docker/table4/annotator/cxf/core/src/main/java/org/apache/cxf/common/spi/GeneratedClassClassLoaderCapture.java
org.apache.cxf.bus.spring.BusApplicationContextResourceResolver	/home/nima/Desktop/taint-docker/table4/annotator/cxf/core/src/main/java/org/apache/cxf/bus/spring/BusApplicationContextResourceResolver.java
org.apache.cxf.bus.managers.ServerLifeCycleManagerImpl	/home/nima/Desktop/taint-docker/table4/annotator/cxf/core/src/main/java/org/apache/cxf/bus/managers/ServerLifeCycleManagerImpl.java
org.apache.cxf.endpoint.ServerLifeCycleManager	/home/nima/Desktop/taint-docker/table4/annotator/cxf/core/src/main/java/org/apache/cxf/endpoint/ServerLifeCycleManager.java
org.apache.cxf.phase.PhaseComparator	/home/nima/Desktop/taint-docker/table4/annotator/cxf/core/src/main/java/org/apache/cxf/phase/PhaseComparator.java
org.apache.cxf.feature.transform.AbstractXSLTInterceptor	/home/nima/Desktop/taint-docker/table4/annotator/cxf/core/src/main/java/org/apache/cxf/feature/transform/AbstractXSLTInterceptor.java
org.apache.cxf.ws.addressing.EndpointUtilsException	/home/nima/Desktop/taint-docker/table4/annotator/cxf/core/src/main/java/org/apache/cxf/ws/addressing/EndpointUtilsException.java
org.apache.cxf.interceptor.security.DepthRestrictingStreamInterceptor	/home/nima/Desktop/taint-docker/table4/annotator/cxf/core/src/main/java/org/apache/cxf/interceptor/security/DepthRestrictingStreamInterceptor.java
org.apache.cxf.interceptor.security.JAASLoginInterceptor	/home/nima/Desktop/taint-docker/table4/annotator/cxf/core/src/main/java/org/apache/cxf/interceptor/security/JAASLoginInterceptor.java
org.apache.cxf.interceptor.security.JAASLoginInterceptor$1	/home/nima/Desktop/taint-docker/table4/annotator/cxf/core/src/main/java/org/apache/cxf/interceptor/security/JAASLoginInterceptor.java
org.apache.cxf.interceptor.security.callback.CallbackHandlerProvider	/home/nima/Desktop/taint-docker/table4/annotator/cxf/core/src/main/java/org/apache/cxf/interceptor/security/callback/CallbackHandlerProvider.java
org.apache.cxf.service.factory.ServiceConstructionException	/home/nima/Desktop/taint-docker/table4/annotator/cxf/core/src/main/java/org/apache/cxf/service/factory/ServiceConstructionException.java
org.apache.cxf.common.xmlschema.InvalidXmlSchemaReferenceException	/home/nima/Desktop/taint-docker/table4/annotator/cxf/core/src/main/java/org/apache/cxf/common/xmlschema/InvalidXmlSchemaReferenceException.java
org.apache.cxf.wsdl.http.UrlReplacement	/home/nima/Desktop/taint-docker/table4/annotator/cxf/core/target/generated-sources/cxf-xjc-plugin/org/apache/cxf/wsdl/http/UrlReplacement.java
org.apache.cxf.staxutils.validation.WoodstoxValidationImpl	/home/nima/Desktop/taint-docker/table4/annotator/cxf/core/src/main/java/org/apache/cxf/staxutils/validation/WoodstoxValidationImpl.java
org.apache.cxf.common.logging.JDKBugHacks	/home/nima/Desktop/taint-docker/table4/annotator/cxf/core/src/main/java/org/apache/cxf/common/logging/JDKBugHacks.java
org.apache.cxf.common.logging.JDKBugHacks$1	/home/nima/Desktop/taint-docker/table4/annotator/cxf/core/src/main/java/org/apache/cxf/common/logging/JDKBugHacks.java
org.apache.cxf.common.logging.JDKBugHacks$2	/home/nima/Desktop/taint-docker/table4/annotator/cxf/core/src/main/java/org/apache/cxf/common/logging/JDKBugHacks.java
org.apache.cxf.common.i18n.BundleUtils	/home/nima/Desktop/taint-docker/table4/annotator/cxf/core/src/main/java/org/apache/cxf/common/i18n/BundleUtils.java
org.apache.cxf.common.i18n.BundleUtils$1	/home/nima/Desktop/taint-docker/table4/annotator/cxf/core/src/main/java/org/apache/cxf/common/i18n/BundleUtils.java
org.apache.cxf.common.i18n.BundleUtils$2	/home/nima/Desktop/taint-docker/table4/annotator/cxf/core/src/main/java/org/apache/cxf/common/i18n/BundleUtils.java
org.apache.cxf.common.util.CglibProxyHelper	/home/nima/Desktop/taint-docker/table4/annotator/cxf/core/src/main/java/org/apache/cxf/common/util/CglibProxyHelper.java
org.apache.cxf.common.util.CglibProxyHelper$1	/home/nima/Desktop/taint-docker/table4/annotator/cxf/core/src/main/java/org/apache/cxf/common/util/CglibProxyHelper.java
org.apache.cxf.common.util.ProxyHelper	/home/nima/Desktop/taint-docker/table4/annotator/cxf/core/src/main/java/org/apache/cxf/common/util/ProxyHelper.java
org.apache.cxf.common.util.ProxyClassLoaderCache	/home/nima/Desktop/taint-docker/table4/annotator/cxf/core/src/main/java/org/apache/cxf/common/util/ProxyClassLoaderCache.java
org.apache.cxf.common.util.ProxyClassLoaderCache$1	/home/nima/Desktop/taint-docker/table4/annotator/cxf/core/src/main/java/org/apache/cxf/common/util/ProxyClassLoaderCache.java
org.apache.cxf.common.util.ProxyClassLoaderCache$2	/home/nima/Desktop/taint-docker/table4/annotator/cxf/core/src/main/java/org/apache/cxf/common/util/ProxyClassLoaderCache.java
org.apache.cxf.common.util.ProxyClassLoaderCache$3	/home/nima/Desktop/taint-docker/table4/annotator/cxf/core/src/main/java/org/apache/cxf/common/util/ProxyClassLoaderCache.java
org.apache.cxf.staxutils.FastStack	/home/nima/Desktop/taint-docker/table4/annotator/cxf/core/src/main/java/org/apache/cxf/staxutils/FastStack.java
org.apache.cxf.validation.ClientBeanValidationFeature	/home/nima/Desktop/taint-docker/table4/annotator/cxf/core/src/main/java/org/apache/cxf/validation/ClientBeanValidationFeature.java
org.apache.cxf.validation.ClientBeanValidationFeature$Portable	/home/nima/Desktop/taint-docker/table4/annotator/cxf/core/src/main/java/org/apache/cxf/validation/ClientBeanValidationFeature.java
org.apache.cxf.staxutils.validation.W3CMultiSchemaFactory	/home/nima/Desktop/taint-docker/table4/annotator/cxf/core/src/main/java/org/apache/cxf/staxutils/validation/W3CMultiSchemaFactory.java
org.apache.cxf.staxutils.validation.W3CMultiSchemaFactory$RecursiveAllowedXMLSchemaReader	/home/nima/Desktop/taint-docker/table4/annotator/cxf/core/src/main/java/org/apache/cxf/staxutils/validation/W3CMultiSchemaFactory.java
org.apache.cxf.staxutils.validation.W3CMultiSchemaFactory$RecursiveAllowedXMLSchemaReader$1	/home/nima/Desktop/taint-docker/table4/annotator/cxf/core/src/main/java/org/apache/cxf/staxutils/validation/W3CMultiSchemaFactory.java
org.apache.cxf.staxutils.validation.W3CMultiSchemaFactory$RecursiveAllowedXMLSchemaReader$1$1	/home/nima/Desktop/taint-docker/table4/annotator/cxf/core/src/main/java/org/apache/cxf/staxutils/validation/W3CMultiSchemaFactory.java
org.apache.cxf.staxutils.PropertiesExpandingStreamReader	/home/nima/Desktop/taint-docker/table4/annotator/cxf/core/src/main/java/org/apache/cxf/staxutils/PropertiesExpandingStreamReader.java
org.apache.cxf.io.CopyingOutputStream	/home/nima/Desktop/taint-docker/table4/annotator/cxf/core/src/main/java/org/apache/cxf/io/CopyingOutputStream.java
org.apache.cxf.staxutils.StaxUtils	/home/nima/Desktop/taint-docker/table4/annotator/cxf/core/src/main/java/org/apache/cxf/staxutils/StaxUtils.java
org.apache.cxf.staxutils.StaxUtils$1	/home/nima/Desktop/taint-docker/table4/annotator/cxf/core/src/main/java/org/apache/cxf/staxutils/StaxUtils.java
org.apache.cxf.staxutils.StaxUtils$StreamToDOMContext	/home/nima/Desktop/taint-docker/table4/annotator/cxf/core/src/main/java/org/apache/cxf/staxutils/StaxUtils.java
org.apache.cxf.staxutils.StaxUtils$2	/home/nima/Desktop/taint-docker/table4/annotator/cxf/core/src/main/java/org/apache/cxf/staxutils/StaxUtils.java
org.apache.cxf.staxutils.StaxUtils$LocationUserDataHandler	/home/nima/Desktop/taint-docker/table4/annotator/cxf/core/src/main/java/org/apache/cxf/staxutils/StaxUtils.java
org.apache.cxf.io.CacheSizeExceededException	/home/nima/Desktop/taint-docker/table4/annotator/cxf/core/src/main/java/org/apache/cxf/io/CacheSizeExceededException.java
org.apache.cxf.bus.CXFBusFactory	/home/nima/Desktop/taint-docker/table4/annotator/cxf/core/src/main/java/org/apache/cxf/bus/CXFBusFactory.java
org.apache.cxf.common.util.ASMHelperImpl	/home/nima/Desktop/taint-docker/table4/annotator/cxf/core/src/main/java/org/apache/cxf/common/util/ASMHelperImpl.java
org.apache.cxf.common.util.ASMHelperImpl$1	/home/nima/Desktop/taint-docker/table4/annotator/cxf/core/src/main/java/org/apache/cxf/common/util/ASMHelperImpl.java
org.apache.cxf.common.util.ASMHelperImpl$2	/home/nima/Desktop/taint-docker/table4/annotator/cxf/core/src/main/java/org/apache/cxf/common/util/ASMHelperImpl.java
org.apache.cxf.workqueue.OneShotAsyncExecutor	/home/nima/Desktop/taint-docker/table4/annotator/cxf/core/src/main/java/org/apache/cxf/workqueue/OneShotAsyncExecutor.java
org.apache.cxf.interceptor.OutgoingChainInterceptor	/home/nima/Desktop/taint-docker/table4/annotator/cxf/core/src/main/java/org/apache/cxf/interceptor/OutgoingChainInterceptor.java
org.apache.cxf.staxutils.transform.InTransformReader	/home/nima/Desktop/taint-docker/table4/annotator/cxf/core/src/main/java/org/apache/cxf/staxutils/transform/InTransformReader.java
org.apache.cxf.staxutils.transform.DelegatingNamespaceContext	/home/nima/Desktop/taint-docker/table4/annotator/cxf/core/src/main/java/org/apache/cxf/staxutils/transform/DelegatingNamespaceContext.java
org.apache.cxf.databinding.source.mime.MimeAttribute	/home/nima/Desktop/taint-docker/table4/annotator/cxf/core/src/main/java/org/apache/cxf/databinding/source/mime/MimeAttribute.java
org.apache.cxf.endpoint.AbstractEndpointFactory	/home/nima/Desktop/taint-docker/table4/annotator/cxf/core/src/main/java/org/apache/cxf/endpoint/AbstractEndpointFactory.java
org.apache.cxf.binding.BindingConfiguration	/home/nima/Desktop/taint-docker/table4/annotator/cxf/core/src/main/java/org/apache/cxf/binding/BindingConfiguration.java
org.apache.cxf.interceptor.AnnotationInterceptors	/home/nima/Desktop/taint-docker/table4/annotator/cxf/core/src/main/java/org/apache/cxf/interceptor/AnnotationInterceptors.java
org.apache.cxf.common.util.CollectionUtils	/home/nima/Desktop/taint-docker/table4/annotator/cxf/core/src/main/java/org/apache/cxf/common/util/CollectionUtils.java
org.apache.cxf.common.util.CollectionUtils$MapToDictionary	/home/nima/Desktop/taint-docker/table4/annotator/cxf/core/src/main/java/org/apache/cxf/common/util/CollectionUtils.java
org.apache.cxf.common.util.CollectionUtils$MapToDictionary$IteratorToEnumeration	/home/nima/Desktop/taint-docker/table4/annotator/cxf/core/src/main/java/org/apache/cxf/common/util/CollectionUtils.java
org.apache.cxf.attachment.LazyDataSource	/home/nima/Desktop/taint-docker/table4/annotator/cxf/core/src/main/java/org/apache/cxf/attachment/LazyDataSource.java
org.apache.cxf.management.annotation.ManagedOperationParameter	/home/nima/Desktop/taint-docker/table4/annotator/cxf/core/src/main/java/org/apache/cxf/management/annotation/ManagedOperationParameter.java
org.apache.cxf.interceptor.InFaultInterceptors	/home/nima/Desktop/taint-docker/table4/annotator/cxf/core/src/main/java/org/apache/cxf/interceptor/InFaultInterceptors.java
org.apache.cxf.interceptor.FIStaxOutInterceptor	/home/nima/Desktop/taint-docker/table4/annotator/cxf/core/src/main/java/org/apache/cxf/interceptor/FIStaxOutInterceptor.java
org.apache.cxf.io.CacheAndWriteOutputStream	/home/nima/Desktop/taint-docker/table4/annotator/cxf/core/src/main/java/org/apache/cxf/io/CacheAndWriteOutputStream.java
org.apache.cxf.interceptor.security.SecureAnnotationsInterceptor	/home/nima/Desktop/taint-docker/table4/annotator/cxf/core/src/main/java/org/apache/cxf/interceptor/security/SecureAnnotationsInterceptor.java
org.apache.cxf.feature.LoggingFeature	/home/nima/Desktop/taint-docker/table4/annotator/cxf/core/src/main/java/org/apache/cxf/feature/LoggingFeature.java
org.apache.cxf.feature.LoggingFeature$Portable	/home/nima/Desktop/taint-docker/table4/annotator/cxf/core/src/main/java/org/apache/cxf/feature/LoggingFeature.java
org.apache.cxf.interceptor.LoggingOutInterceptor	/home/nima/Desktop/taint-docker/table4/annotator/cxf/core/src/main/java/org/apache/cxf/interceptor/LoggingOutInterceptor.java
org.apache.cxf.interceptor.LoggingOutInterceptor$LogWriter	/home/nima/Desktop/taint-docker/table4/annotator/cxf/core/src/main/java/org/apache/cxf/interceptor/LoggingOutInterceptor.java
org.apache.cxf.interceptor.LoggingOutInterceptor$LoggingCallback	/home/nima/Desktop/taint-docker/table4/annotator/cxf/core/src/main/java/org/apache/cxf/interceptor/LoggingOutInterceptor.java
org.apache.cxf.service.ServiceModelSchemaValidator	/home/nima/Desktop/taint-docker/table4/annotator/cxf/core/src/main/java/org/apache/cxf/service/ServiceModelSchemaValidator.java
org.apache.cxf.service.ServiceModelVisitor	/home/nima/Desktop/taint-docker/table4/annotator/cxf/core/src/main/java/org/apache/cxf/service/ServiceModelVisitor.java
org.apache.cxf.service.model.UnwrappedOperationInfo	/home/nima/Desktop/taint-docker/table4/annotator/cxf/core/src/main/java/org/apache/cxf/service/model/UnwrappedOperationInfo.java
org.apache.cxf.helpers.FileUtils	/home/nima/Desktop/taint-docker/table4/annotator/cxf/core/src/main/java/org/apache/cxf/helpers/FileUtils.java
org.apache.cxf.helpers.FileUtils$1	/home/nima/Desktop/taint-docker/table4/annotator/cxf/core/src/main/java/org/apache/cxf/helpers/FileUtils.java
org.apache.cxf.helpers.FileUtils$2	/home/nima/Desktop/taint-docker/table4/annotator/cxf/core/src/main/java/org/apache/cxf/helpers/FileUtils.java
org.apache.cxf.common.util.PropertiesLoaderUtils	/home/nima/Desktop/taint-docker/table4/annotator/cxf/core/src/main/java/org/apache/cxf/common/util/PropertiesLoaderUtils.java
org.apache.cxf.endpoint.ClientLifeCycleManager	/home/nima/Desktop/taint-docker/table4/annotator/cxf/core/src/main/java/org/apache/cxf/endpoint/ClientLifeCycleManager.java
org.apache.cxf.endpoint.ClientLifeCycleListener	/home/nima/Desktop/taint-docker/table4/annotator/cxf/core/src/main/java/org/apache/cxf/endpoint/ClientLifeCycleListener.java
org.apache.cxf.message.ExchangeImpl	/home/nima/Desktop/taint-docker/table4/annotator/cxf/core/src/main/java/org/apache/cxf/message/ExchangeImpl.java
org.apache.cxf.databinding.source.NodeDataWriter	/home/nima/Desktop/taint-docker/table4/annotator/cxf/core/src/main/java/org/apache/cxf/databinding/source/NodeDataWriter.java
org.apache.cxf.common.spi.ClassLoaderProxyService	/home/nima/Desktop/taint-docker/table4/annotator/cxf/core/src/main/java/org/apache/cxf/common/spi/ClassLoaderProxyService.java
org.apache.cxf.common.spi.ClassLoaderProxyService$LoadFirst	/home/nima/Desktop/taint-docker/table4/annotator/cxf/core/src/main/java/org/apache/cxf/common/spi/ClassLoaderProxyService.java
org.apache.cxf.common.spi.ClassLoaderProxyService$GenerateJustInTime	/home/nima/Desktop/taint-docker/table4/annotator/cxf/core/src/main/java/org/apache/cxf/common/spi/ClassLoaderProxyService.java
org.apache.cxf.common.spi.ClassLoaderService	/home/nima/Desktop/taint-docker/table4/annotator/cxf/core/src/main/java/org/apache/cxf/common/spi/ClassLoaderService.java
org.apache.cxf.bus.managers.CXFBusLifeCycleManager	/home/nima/Desktop/taint-docker/table4/annotator/cxf/core/src/main/java/org/apache/cxf/bus/managers/CXFBusLifeCycleManager.java
org.apache.cxf.bus.managers.EndpointResolverRegistryImpl	/home/nima/Desktop/taint-docker/table4/annotator/cxf/core/src/main/java/org/apache/cxf/bus/managers/EndpointResolverRegistryImpl.java
org.apache.cxf.staxutils.DepthRestrictingStreamReader	/home/nima/Desktop/taint-docker/table4/annotator/cxf/core/src/main/java/org/apache/cxf/staxutils/DepthRestrictingStreamReader.java
org.apache.cxf.staxutils.DocumentDepthProperties	/home/nima/Desktop/taint-docker/table4/annotator/cxf/core/src/main/java/org/apache/cxf/staxutils/DocumentDepthProperties.java
org.apache.cxf.management.annotation.ManagedOperation	/home/nima/Desktop/taint-docker/table4/annotator/cxf/core/src/main/java/org/apache/cxf/management/annotation/ManagedOperation.java
org.apache.cxf.management.ManagementConstants	/home/nima/Desktop/taint-docker/table4/annotator/cxf/core/src/main/java/org/apache/cxf/management/ManagementConstants.java
org.apache.cxf.interceptor.security.AccessDeniedException	/home/nima/Desktop/taint-docker/table4/annotator/cxf/core/src/main/java/org/apache/cxf/interceptor/security/AccessDeniedException.java
org.apache.cxf.interceptor.security.AuthenticationException	/home/nima/Desktop/taint-docker/table4/annotator/cxf/core/src/main/java/org/apache/cxf/interceptor/security/AuthenticationException.java
org.apache.cxf.bus.managers.ClientLifeCycleManagerImpl	/home/nima/Desktop/taint-docker/table4/annotator/cxf/core/src/main/java/org/apache/cxf/bus/managers/ClientLifeCycleManagerImpl.java
org.apache.cxf.endpoint.ListenerRegistrationException	/home/nima/Desktop/taint-docker/table4/annotator/cxf/core/src/main/java/org/apache/cxf/endpoint/ListenerRegistrationException.java
org.apache.cxf.transport.AbstractDestination	/home/nima/Desktop/taint-docker/table4/annotator/cxf/core/src/main/java/org/apache/cxf/transport/AbstractDestination.java
org.apache.cxf.transport.AbstractDestination$AbstractBackChannelConduit	/home/nima/Desktop/taint-docker/table4/annotator/cxf/core/src/main/java/org/apache/cxf/transport/AbstractDestination.java
org.apache.cxf.transport.DestinationWithEndpoint	/home/nima/Desktop/taint-docker/table4/annotator/cxf/core/src/main/java/org/apache/cxf/transport/DestinationWithEndpoint.java
org.apache.cxf.endpoint.ManagedEndpoint	/home/nima/Desktop/taint-docker/table4/annotator/cxf/core/src/main/java/org/apache/cxf/endpoint/ManagedEndpoint.java
org.apache.cxf.endpoint.ManagedEndpoint$State	/home/nima/Desktop/taint-docker/table4/annotator/cxf/core/src/main/java/org/apache/cxf/endpoint/ManagedEndpoint.java
org.apache.cxf.helpers.NSStack	/home/nima/Desktop/taint-docker/table4/annotator/cxf/core/src/main/java/org/apache/cxf/helpers/NSStack.java
org.apache.cxf.helpers.NSDecl	/home/nima/Desktop/taint-docker/table4/annotator/cxf/core/src/main/java/org/apache/cxf/helpers/NSDecl.java
org.apache.cxf.endpoint.PreexistingConduitSelector	/home/nima/Desktop/taint-docker/table4/annotator/cxf/core/src/main/java/org/apache/cxf/endpoint/PreexistingConduitSelector.java
org.apache.cxf.configuration.spring.AbstractFactoryBeanDefinitionParser	/home/nima/Desktop/taint-docker/table4/annotator/cxf/core/src/main/java/org/apache/cxf/configuration/spring/AbstractFactoryBeanDefinitionParser.java
org.apache.cxf.resource.SecurityActions	/home/nima/Desktop/taint-docker/table4/annotator/cxf/core/src/main/java/org/apache/cxf/resource/SecurityActions.java
org.apache.cxf.resource.SecurityActions$1	/home/nima/Desktop/taint-docker/table4/annotator/cxf/core/src/main/java/org/apache/cxf/resource/SecurityActions.java
org.apache.cxf.service.factory.SimpleMethodDispatcher	/home/nima/Desktop/taint-docker/table4/annotator/cxf/core/src/main/java/org/apache/cxf/service/factory/SimpleMethodDispatcher.java
org.apache.cxf.common.logging.Slf4jLogger	/home/nima/Desktop/taint-docker/table4/annotator/cxf/core/src/main/java/org/apache/cxf/common/logging/Slf4jLogger.java
org.apache.cxf.common.logging.AbstractDelegatingLogger	/home/nima/Desktop/taint-docker/table4/annotator/cxf/core/src/main/java/org/apache/cxf/common/logging/AbstractDelegatingLogger.java
org.apache.cxf.common.logging.LogUtils	/home/nima/Desktop/taint-docker/table4/annotator/cxf/core/src/main/java/org/apache/cxf/common/logging/LogUtils.java
org.apache.cxf.common.logging.LogUtils$1	/home/nima/Desktop/taint-docker/table4/annotator/cxf/core/src/main/java/org/apache/cxf/common/logging/LogUtils.java
org.apache.cxf.common.logging.LogUtils$2	/home/nima/Desktop/taint-docker/table4/annotator/cxf/core/src/main/java/org/apache/cxf/common/logging/LogUtils.java
org.apache.cxf.common.logging.LogUtils$3	/home/nima/Desktop/taint-docker/table4/annotator/cxf/core/src/main/java/org/apache/cxf/common/logging/LogUtils.java
org.apache.cxf.common.logging.LogUtils$4	/home/nima/Desktop/taint-docker/table4/annotator/cxf/core/src/main/java/org/apache/cxf/common/logging/LogUtils.java
org.apache.cxf.validation.BeanValidationInInterceptor	/home/nima/Desktop/taint-docker/table4/annotator/cxf/core/src/main/java/org/apache/cxf/validation/BeanValidationInInterceptor.java
org.apache.cxf.attachment.HeaderSizeExceededException	/home/nima/Desktop/taint-docker/table4/annotator/cxf/core/src/main/java/org/apache/cxf/attachment/HeaderSizeExceededException.java
org.apache.cxf.common.util.PrimitiveUtils	/home/nima/Desktop/taint-docker/table4/annotator/cxf/core/src/main/java/org/apache/cxf/common/util/PrimitiveUtils.java
org.apache.cxf.endpoint.ServerImpl	/home/nima/Desktop/taint-docker/table4/annotator/cxf/core/src/main/java/org/apache/cxf/endpoint/ServerImpl.java
org.apache.cxf.common.util.WeakIdentityHashMap	/home/nima/Desktop/taint-docker/table4/annotator/cxf/core/src/main/java/org/apache/cxf/common/util/WeakIdentityHashMap.java
org.apache.cxf.common.util.WeakIdentityHashMap$1	/home/nima/Desktop/taint-docker/table4/annotator/cxf/core/src/main/java/org/apache/cxf/common/util/WeakIdentityHashMap.java
org.apache.cxf.common.util.WeakIdentityHashMap$IdentityWeakReference	/home/nima/Desktop/taint-docker/table4/annotator/cxf/core/src/main/java/org/apache/cxf/common/util/WeakIdentityHashMap.java
org.apache.cxf.helpers.JavaUtils	/home/nima/Desktop/taint-docker/table4/annotator/cxf/core/src/main/java/org/apache/cxf/helpers/JavaUtils.java
org.apache.cxf.management.annotation.ManagedOperationParameters	/home/nima/Desktop/taint-docker/table4/annotator/cxf/core/src/main/java/org/apache/cxf/management/annotation/ManagedOperationParameters.java
org.apache.cxf.validation.BeanValidationOutInterceptor	/home/nima/Desktop/taint-docker/table4/annotator/cxf/core/src/main/java/org/apache/cxf/validation/BeanValidationOutInterceptor.java
org.apache.cxf.common.xmlschema.XmlSchemaInvalidOperation	/home/nima/Desktop/taint-docker/table4/annotator/cxf/core/src/main/java/org/apache/cxf/common/xmlschema/XmlSchemaInvalidOperation.java
org.apache.cxf.wsdl.http.ObjectFactory	/home/nima/Desktop/taint-docker/table4/annotator/cxf/core/target/generated-sources/cxf-xjc-plugin/org/apache/cxf/wsdl/http/ObjectFactory.java
org.apache.cxf.wsdl.http.UrlEncoded	/home/nima/Desktop/taint-docker/table4/annotator/cxf/core/target/generated-sources/cxf-xjc-plugin/org/apache/cxf/wsdl/http/UrlEncoded.java
org.apache.cxf.common.jaxb.EscapeHandlerInvocationHandler	/home/nima/Desktop/taint-docker/table4/annotator/cxf/core/src/main/java/org/apache/cxf/common/jaxb/EscapeHandlerInvocationHandler.java
org.apache.cxf.bus.extension.ExtensionException	/home/nima/Desktop/taint-docker/table4/annotator/cxf/core/src/main/java/org/apache/cxf/bus/extension/ExtensionException.java
org.apache.cxf.annotations.EvaluateAllEndpoints	/home/nima/Desktop/taint-docker/table4/annotator/cxf/core/src/main/java/org/apache/cxf/annotations/EvaluateAllEndpoints.java
org.apache.cxf.transport.HttpUriMapper	/home/nima/Desktop/taint-docker/table4/annotator/cxf/core/src/main/java/org/apache/cxf/transport/HttpUriMapper.java
org.apache.cxf.catalog.OASISCatalogManagerHelper	/home/nima/Desktop/taint-docker/table4/annotator/cxf/core/src/main/java/org/apache/cxf/catalog/OASISCatalogManagerHelper.java
org.apache.cxf.common.util.PropertyUtils	/home/nima/Desktop/taint-docker/table4/annotator/cxf/core/src/main/java/org/apache/cxf/common/util/PropertyUtils.java
org.apache.cxf.configuration.jsse.TLSParameterJaxBUtils	/home/nima/Desktop/taint-docker/table4/annotator/cxf/core/src/main/java/org/apache/cxf/configuration/jsse/TLSParameterJaxBUtils.java
org.apache.cxf.staxutils.StreamWriterContentHandler	/home/nima/Desktop/taint-docker/table4/annotator/cxf/core/src/main/java/org/apache/cxf/staxutils/StreamWriterContentHandler.java
org.apache.cxf.common.jaxb.SchemaCollectionContextProxy	/home/nima/Desktop/taint-docker/table4/annotator/cxf/core/src/main/java/org/apache/cxf/common/jaxb/SchemaCollectionContextProxy.java
org.apache.cxf.common.jaxb.SchemaCollectionContextProxy$1	/home/nima/Desktop/taint-docker/table4/annotator/cxf/core/src/main/java/org/apache/cxf/common/jaxb/SchemaCollectionContextProxy.java
org.apache.cxf.feature.FastInfosetFeature	/home/nima/Desktop/taint-docker/table4/annotator/cxf/core/src/main/java/org/apache/cxf/feature/FastInfosetFeature.java
org.apache.cxf.feature.FastInfosetFeature$Portable	/home/nima/Desktop/taint-docker/table4/annotator/cxf/core/src/main/java/org/apache/cxf/feature/FastInfosetFeature.java
org.apache.cxf.transport.ConduitInitiatorManager	/home/nima/Desktop/taint-docker/table4/annotator/cxf/core/src/main/java/org/apache/cxf/transport/ConduitInitiatorManager.java
org.apache.cxf.common.util.ClasspathScanner	/home/nima/Desktop/taint-docker/table4/annotator/cxf/core/src/main/java/org/apache/cxf/common/util/ClasspathScanner.java
org.apache.cxf.databinding.source.mime.CustomExtensionRegistry	/home/nima/Desktop/taint-docker/table4/annotator/cxf/core/src/main/java/org/apache/cxf/databinding/source/mime/CustomExtensionRegistry.java
org.apache.cxf.ws.addressing.v200408.ServiceNameType	/home/nima/Desktop/taint-docker/table4/annotator/cxf/core/target/generated-sources/cxf-xjc-plugin/org/apache/cxf/ws/addressing/v200408/ServiceNameType.java
org.apache.cxf.io.DelegatingInputStream	/home/nima/Desktop/taint-docker/table4/annotator/cxf/core/src/main/java/org/apache/cxf/io/DelegatingInputStream.java
org.apache.cxf.helpers.CastUtils	/home/nima/Desktop/taint-docker/table4/annotator/cxf/core/src/main/java/org/apache/cxf/helpers/CastUtils.java
org.apache.cxf.interceptor.security.callback.NameToPasswordMapper	/home/nima/Desktop/taint-docker/table4/annotator/cxf/core/src/main/java/org/apache/cxf/interceptor/security/callback/NameToPasswordMapper.java
org.apache.cxf.helpers.MapNamespaceContext	/home/nima/Desktop/taint-docker/table4/annotator/cxf/core/src/main/java/org/apache/cxf/helpers/MapNamespaceContext.java
org.apache.cxf.staxutils.DelegatingXMLStreamWriter	/home/nima/Desktop/taint-docker/table4/annotator/cxf/core/src/main/java/org/apache/cxf/staxutils/DelegatingXMLStreamWriter.java
org.apache.cxf.staxutils.PrettyPrintXMLStreamWriter	/home/nima/Desktop/taint-docker/table4/annotator/cxf/core/src/main/java/org/apache/cxf/staxutils/PrettyPrintXMLStreamWriter.java
org.apache.cxf.staxutils.PrettyPrintXMLStreamWriter$CurrentElement	/home/nima/Desktop/taint-docker/table4/annotator/cxf/core/src/main/java/org/apache/cxf/staxutils/PrettyPrintXMLStreamWriter.java
org.apache.cxf.bus.spring.ControlledValidationXmlBeanDefinitionReader	/home/nima/Desktop/taint-docker/table4/annotator/cxf/core/src/main/java/org/apache/cxf/bus/spring/ControlledValidationXmlBeanDefinitionReader.java
org.apache.cxf.bus.spring.ControlledValidationXmlBeanDefinitionReader$StaleFastinfosetException	/home/nima/Desktop/taint-docker/table4/annotator/cxf/core/src/main/java/org/apache/cxf/bus/spring/ControlledValidationXmlBeanDefinitionReader.java
org.apache.cxf.bus.spring.ControlledValidationXmlBeanDefinitionReader$1	/home/nima/Desktop/taint-docker/table4/annotator/cxf/core/src/main/java/org/apache/cxf/bus/spring/ControlledValidationXmlBeanDefinitionReader.java
org.apache.cxf.bus.spring.TunedDocumentLoader	/home/nima/Desktop/taint-docker/table4/annotator/cxf/core/src/main/java/org/apache/cxf/bus/spring/TunedDocumentLoader.java
org.apache.cxf.interceptor.security.JAASAuthenticationFeature	/home/nima/Desktop/taint-docker/table4/annotator/cxf/core/src/main/java/org/apache/cxf/interceptor/security/JAASAuthenticationFeature.java
org.apache.cxf.interceptor.security.JAASAuthenticationFeature$Portable	/home/nima/Desktop/taint-docker/table4/annotator/cxf/core/src/main/java/org/apache/cxf/interceptor/security/JAASAuthenticationFeature.java
org.apache.cxf.interceptor.InFaultChainInitiatorObserver	/home/nima/Desktop/taint-docker/table4/annotator/cxf/core/src/main/java/org/apache/cxf/interceptor/InFaultChainInitiatorObserver.java
org.apache.cxf.attachment.ImageDataContentHandler	/home/nima/Desktop/taint-docker/table4/annotator/cxf/core/src/main/java/org/apache/cxf/attachment/ImageDataContentHandler.java
org.apache.cxf.attachment.ImageDataContentHandler$1	/home/nima/Desktop/taint-docker/table4/annotator/cxf/core/src/main/java/org/apache/cxf/attachment/ImageDataContentHandler.java
org.apache.cxf.resource.ObjectTypeResolver	/home/nima/Desktop/taint-docker/table4/annotator/cxf/core/src/main/java/org/apache/cxf/resource/ObjectTypeResolver.java
org.apache.cxf.annotations.WSDLDocumentationCollection	/home/nima/Desktop/taint-docker/table4/annotator/cxf/core/src/main/java/org/apache/cxf/annotations/WSDLDocumentationCollection.java
org.apache.cxf.configuration.spring.MappingBeanDefinitionParser	/home/nima/Desktop/taint-docker/table4/annotator/cxf/core/src/main/java/org/apache/cxf/configuration/spring/MappingBeanDefinitionParser.java
org.apache.cxf.io.CachedConstants	/home/nima/Desktop/taint-docker/table4/annotator/cxf/core/src/main/java/org/apache/cxf/io/CachedConstants.java
org.apache.cxf.management.annotation.ManagedAttribute	/home/nima/Desktop/taint-docker/table4/annotator/cxf/core/src/main/java/org/apache/cxf/management/annotation/ManagedAttribute.java
org.apache.cxf.message.FaultMode	/home/nima/Desktop/taint-docker/table4/annotator/cxf/core/src/main/java/org/apache/cxf/message/FaultMode.java
org.apache.cxf.common.util.ClassHelper	/home/nima/Desktop/taint-docker/table4/annotator/cxf/core/src/main/java/org/apache/cxf/common/util/ClassHelper.java
org.apache.cxf.common.util.ClassHelper$DefaultClassUnwrapper	/home/nima/Desktop/taint-docker/table4/annotator/cxf/core/src/main/java/org/apache/cxf/common/util/ClassHelper.java
org.apache.cxf.common.util.ClassUnwrapper	/home/nima/Desktop/taint-docker/table4/annotator/cxf/core/src/main/java/org/apache/cxf/common/util/ClassUnwrapper.java
org.apache.cxf.security.claims.authorization.Claims	/home/nima/Desktop/taint-docker/table4/annotator/cxf/core/src/main/java/org/apache/cxf/security/claims/authorization/Claims.java
org.apache.cxf.interceptor.MessageSenderInterceptor	/home/nima/Desktop/taint-docker/table4/annotator/cxf/core/src/main/java/org/apache/cxf/interceptor/MessageSenderInterceptor.java
org.apache.cxf.interceptor.MessageSenderInterceptor$MessageSenderEndingInterceptor	/home/nima/Desktop/taint-docker/table4/annotator/cxf/core/src/main/java/org/apache/cxf/interceptor/MessageSenderInterceptor.java
org.apache.cxf.interceptor.InInterceptors	/home/nima/Desktop/taint-docker/table4/annotator/cxf/core/src/main/java/org/apache/cxf/interceptor/InInterceptors.java
org.apache.cxf.validation.BeanValidationFeature	/home/nima/Desktop/taint-docker/table4/annotator/cxf/core/src/main/java/org/apache/cxf/validation/BeanValidationFeature.java
org.apache.cxf.validation.BeanValidationFeature$Portable	/home/nima/Desktop/taint-docker/table4/annotator/cxf/core/src/main/java/org/apache/cxf/validation/BeanValidationFeature.java
org.apache.cxf.ws.addressing.Names	/home/nima/Desktop/taint-docker/table4/annotator/cxf/core/src/main/java/org/apache/cxf/ws/addressing/Names.java
org.apache.cxf.bus.extension.TextExtensionFragmentParser	/home/nima/Desktop/taint-docker/table4/annotator/cxf/core/src/main/java/org/apache/cxf/bus/extension/TextExtensionFragmentParser.java
org.apache.cxf.binding.AbstractBindingFactory	/home/nima/Desktop/taint-docker/table4/annotator/cxf/core/src/main/java/org/apache/cxf/binding/AbstractBindingFactory.java
org.apache.cxf.staxutils.AutoCloseableXMLStreamReader	/home/nima/Desktop/taint-docker/table4/annotator/cxf/core/src/main/java/org/apache/cxf/staxutils/AutoCloseableXMLStreamReader.java
org.apache.cxf.ws.addressing.v200408.AttributedURI	/home/nima/Desktop/taint-docker/table4/annotator/cxf/core/target/generated-sources/cxf-xjc-plugin/org/apache/cxf/ws/addressing/v200408/AttributedURI.java
org.apache.cxf.configuration.jsse.MultiKeyPasswordKeyManager	/home/nima/Desktop/taint-docker/table4/annotator/cxf/core/src/main/java/org/apache/cxf/configuration/jsse/MultiKeyPasswordKeyManager.java
org.apache.cxf.common.jaxb.NamespaceMapper	/home/nima/Desktop/taint-docker/table4/annotator/cxf/core/src/main/java/org/apache/cxf/common/jaxb/NamespaceMapper.java
org.apache.cxf.common.xmlschema.XmlSchemaUtils	/home/nima/Desktop/taint-docker/table4/annotator/cxf/core/src/main/java/org/apache/cxf/common/xmlschema/XmlSchemaUtils.java
org.apache.cxf.feature.WrappedFeature	/home/nima/Desktop/taint-docker/table4/annotator/cxf/core/src/main/java/org/apache/cxf/feature/WrappedFeature.java
org.apache.cxf.staxutils.validation.StaxSchemaValidationInInterceptor	/home/nima/Desktop/taint-docker/table4/annotator/cxf/core/src/main/java/org/apache/cxf/staxutils/validation/StaxSchemaValidationInInterceptor.java
org.apache.cxf.configuration.spring.JAXBBeanFactory	/home/nima/Desktop/taint-docker/table4/annotator/cxf/core/src/main/java/org/apache/cxf/configuration/spring/JAXBBeanFactory.java
org.apache.cxf.common.util.Base64UrlUtility	/home/nima/Desktop/taint-docker/table4/annotator/cxf/core/src/main/java/org/apache/cxf/common/util/Base64UrlUtility.java
org.apache.cxf.staxutils.StaxSource	/home/nima/Desktop/taint-docker/table4/annotator/cxf/core/src/main/java/org/apache/cxf/staxutils/StaxSource.java
org.apache.cxf.common.spi.GeneratedNamespaceClassLoader	/home/nima/Desktop/taint-docker/table4/annotator/cxf/core/src/main/java/org/apache/cxf/common/spi/GeneratedNamespaceClassLoader.java
org.apache.cxf.io.CachedWriterCallback	/home/nima/Desktop/taint-docker/table4/annotator/cxf/core/src/main/java/org/apache/cxf/io/CachedWriterCallback.java
org.apache.cxf.io.CachedWriter	/home/nima/Desktop/taint-docker/table4/annotator/cxf/core/src/main/java/org/apache/cxf/io/CachedWriter.java
org.apache.cxf.io.CachedWriter$LoadingCharArrayWriter	/home/nima/Desktop/taint-docker/table4/annotator/cxf/core/src/main/java/org/apache/cxf/io/CachedWriter.java
org.apache.cxf.io.CachedWriter$1	/home/nima/Desktop/taint-docker/table4/annotator/cxf/core/src/main/java/org/apache/cxf/io/CachedWriter.java
org.apache.cxf.io.CachedWriter$2	/home/nima/Desktop/taint-docker/table4/annotator/cxf/core/src/main/java/org/apache/cxf/io/CachedWriter.java
org.apache.cxf.io.CachedWriter$3	/home/nima/Desktop/taint-docker/table4/annotator/cxf/core/src/main/java/org/apache/cxf/io/CachedWriter.java
org.apache.cxf.io.CachedWriter$4	/home/nima/Desktop/taint-docker/table4/annotator/cxf/core/src/main/java/org/apache/cxf/io/CachedWriter.java
org.apache.cxf.io.CachedWriter$5	/home/nima/Desktop/taint-docker/table4/annotator/cxf/core/src/main/java/org/apache/cxf/io/CachedWriter.java
org.apache.cxf.feature.validation.SchemaValidationFeature	/home/nima/Desktop/taint-docker/table4/annotator/cxf/core/src/main/java/org/apache/cxf/feature/validation/SchemaValidationFeature.java
org.apache.cxf.feature.validation.SchemaValidationFeature$Portable	/home/nima/Desktop/taint-docker/table4/annotator/cxf/core/src/main/java/org/apache/cxf/feature/validation/SchemaValidationFeature.java
org.apache.cxf.io.ReaderInputStream	/home/nima/Desktop/taint-docker/table4/annotator/cxf/core/src/main/java/org/apache/cxf/io/ReaderInputStream.java
org.apache.cxf.bus.managers.ConduitInitiatorManagerImpl	/home/nima/Desktop/taint-docker/table4/annotator/cxf/core/src/main/java/org/apache/cxf/bus/managers/ConduitInitiatorManagerImpl.java
org.apache.cxf.interceptor.FaultOutInterceptor	/home/nima/Desktop/taint-docker/table4/annotator/cxf/core/src/main/java/org/apache/cxf/interceptor/FaultOutInterceptor.java
org.apache.cxf.interceptor.FaultOutInterceptor$FaultInfoException	/home/nima/Desktop/taint-docker/table4/annotator/cxf/core/src/main/java/org/apache/cxf/interceptor/FaultOutInterceptor.java
org.apache.cxf.staxutils.transform.OutTransformWriter	/home/nima/Desktop/taint-docker/table4/annotator/cxf/core/src/main/java/org/apache/cxf/staxutils/transform/OutTransformWriter.java
org.apache.cxf.transport.AbstractMultiplexDestination	/home/nima/Desktop/taint-docker/table4/annotator/cxf/core/src/main/java/org/apache/cxf/transport/AbstractMultiplexDestination.java
org.apache.cxf.interceptor.security.DefaultSecurityContext	/home/nima/Desktop/taint-docker/table4/annotator/cxf/core/src/main/java/org/apache/cxf/interceptor/security/DefaultSecurityContext.java
org.apache.cxf.common.CXFPermissions	/home/nima/Desktop/taint-docker/table4/annotator/cxf/core/src/main/java/org/apache/cxf/common/CXFPermissions.java
org.apache.cxf.transport.ChainInitiationObserver	/home/nima/Desktop/taint-docker/table4/annotator/cxf/core/src/main/java/org/apache/cxf/transport/ChainInitiationObserver.java
org.apache.cxf.service.ServiceImpl	/home/nima/Desktop/taint-docker/table4/annotator/cxf/core/src/main/java/org/apache/cxf/service/ServiceImpl.java
org.apache.cxf.ws.addressing.WSAContextUtils	/home/nima/Desktop/taint-docker/table4/annotator/cxf/core/src/main/java/org/apache/cxf/ws/addressing/WSAContextUtils.java
org.apache.cxf.service.invoker.spring.SpringBeanFactory	/home/nima/Desktop/taint-docker/table4/annotator/cxf/core/src/main/java/org/apache/cxf/service/invoker/spring/SpringBeanFactory.java
org.apache.cxf.interceptor.security.callback.CallbackHandlerProviderAuthPol	/home/nima/Desktop/taint-docker/table4/annotator/cxf/core/src/main/java/org/apache/cxf/interceptor/security/callback/CallbackHandlerProviderAuthPol.java
org.apache.cxf.service.ServiceBuilder	/home/nima/Desktop/taint-docker/table4/annotator/cxf/core/src/main/java/org/apache/cxf/service/ServiceBuilder.java
org.apache.cxf.staxutils.transform.IgnoreNamespacesWriter	/home/nima/Desktop/taint-docker/table4/annotator/cxf/core/src/main/java/org/apache/cxf/staxutils/transform/IgnoreNamespacesWriter.java
org.apache.cxf.configuration.ConfigurationException	/home/nima/Desktop/taint-docker/table4/annotator/cxf/core/src/main/java/org/apache/cxf/configuration/ConfigurationException.java
org.apache.cxf.feature.transform.XSLTFeature	/home/nima/Desktop/taint-docker/table4/annotator/cxf/core/src/main/java/org/apache/cxf/feature/transform/XSLTFeature.java
org.apache.cxf.feature.transform.XSLTFeature$Portable	/home/nima/Desktop/taint-docker/table4/annotator/cxf/core/src/main/java/org/apache/cxf/feature/transform/XSLTFeature.java
org.apache.cxf.annotations.UseNio	/home/nima/Desktop/taint-docker/table4/annotator/cxf/core/src/main/java/org/apache/cxf/annotations/UseNio.java
org.apache.cxf.transport.AbstractTransportFactory	/home/nima/Desktop/taint-docker/table4/annotator/cxf/core/src/main/java/org/apache/cxf/transport/AbstractTransportFactory.java
org.apache.cxf.interceptor.OutFaultChainInitiatorObserver	/home/nima/Desktop/taint-docker/table4/annotator/cxf/core/src/main/java/org/apache/cxf/interceptor/OutFaultChainInitiatorObserver.java
org.apache.cxf.feature.transform.XSLTOutInterceptor	/home/nima/Desktop/taint-docker/table4/annotator/cxf/core/src/main/java/org/apache/cxf/feature/transform/XSLTOutInterceptor.java
org.apache.cxf.feature.transform.XSLTOutInterceptor$XSLTStreamWriter	/home/nima/Desktop/taint-docker/table4/annotator/cxf/core/src/main/java/org/apache/cxf/feature/transform/XSLTOutInterceptor.java
org.apache.cxf.feature.transform.XSLTOutInterceptor$XSLTCachedOutputStreamCallback	/home/nima/Desktop/taint-docker/table4/annotator/cxf/core/src/main/java/org/apache/cxf/feature/transform/XSLTOutInterceptor.java
org.apache.cxf.feature.transform.XSLTOutInterceptor$XSLTCachedWriter	/home/nima/Desktop/taint-docker/table4/annotator/cxf/core/src/main/java/org/apache/cxf/feature/transform/XSLTOutInterceptor.java
org.apache.cxf.configuration.jsse.SSLUtils	/home/nima/Desktop/taint-docker/table4/annotator/cxf/core/src/main/java/org/apache/cxf/configuration/jsse/SSLUtils.java
org.apache.cxf.bus.resource.ResourceManagerImpl	/home/nima/Desktop/taint-docker/table4/annotator/cxf/core/src/main/java/org/apache/cxf/bus/resource/ResourceManagerImpl.java
org.apache.cxf.databinding.stax.StaxDataBindingInterceptor	/home/nima/Desktop/taint-docker/table4/annotator/cxf/core/src/main/java/org/apache/cxf/databinding/stax/StaxDataBindingInterceptor.java
org.apache.cxf.resource.SinglePropertyResolver	/home/nima/Desktop/taint-docker/table4/annotator/cxf/core/src/main/java/org/apache/cxf/resource/SinglePropertyResolver.java
org.apache.cxf.service.factory.OldLoggingFactoryBeanListener	/home/nima/Desktop/taint-docker/table4/annotator/cxf/core/src/main/java/org/apache/cxf/service/factory/OldLoggingFactoryBeanListener.java
org.apache.cxf.common.util.CompressionUtils	/home/nima/Desktop/taint-docker/table4/annotator/cxf/core/src/main/java/org/apache/cxf/common/util/CompressionUtils.java
org.apache.cxf.security.transport.TLSSessionInfo	/home/nima/Desktop/taint-docker/table4/annotator/cxf/core/src/main/java/org/apache/cxf/security/transport/TLSSessionInfo.java
org.apache.cxf.ws.addressing.v200408.EndpointReferenceType	/home/nima/Desktop/taint-docker/table4/annotator/cxf/core/target/generated-sources/cxf-xjc-plugin/org/apache/cxf/ws/addressing/v200408/EndpointReferenceType.java
org.apache.cxf.ws.addressing.v200408.ReferencePropertiesType	/home/nima/Desktop/taint-docker/table4/annotator/cxf/core/target/generated-sources/cxf-xjc-plugin/org/apache/cxf/ws/addressing/v200408/ReferencePropertiesType.java
org.apache.cxf.ws.addressing.v200408.AttributedQName	/home/nima/Desktop/taint-docker/table4/annotator/cxf/core/target/generated-sources/cxf-xjc-plugin/org/apache/cxf/ws/addressing/v200408/AttributedQName.java
org.apache.cxf.interceptor.OutInterceptors	/home/nima/Desktop/taint-docker/table4/annotator/cxf/core/src/main/java/org/apache/cxf/interceptor/OutInterceptors.java
org.apache.cxf.ws.addressing.v200408.ObjectFactory	/home/nima/Desktop/taint-docker/table4/annotator/cxf/core/target/generated-sources/cxf-xjc-plugin/org/apache/cxf/ws/addressing/v200408/ObjectFactory.java
org.apache.cxf.endpoint.DeferredConduitSelector	/home/nima/Desktop/taint-docker/table4/annotator/cxf/core/src/main/java/org/apache/cxf/endpoint/DeferredConduitSelector.java
org.apache.cxf.continuations.ContinuationCallback	/home/nima/Desktop/taint-docker/table4/annotator/cxf/core/src/main/java/org/apache/cxf/continuations/ContinuationCallback.java
org.apache.cxf.feature.Features	/home/nima/Desktop/taint-docker/table4/annotator/cxf/core/src/main/java/org/apache/cxf/feature/Features.java
org.apache.cxf.interceptor.security.NamePasswordCallbackHandler	/home/nima/Desktop/taint-docker/table4/annotator/cxf/core/src/main/java/org/apache/cxf/interceptor/security/NamePasswordCallbackHandler.java
org.apache.cxf.bus.spring.Jsr250BeanPostProcessor	/home/nima/Desktop/taint-docker/table4/annotator/cxf/core/src/main/java/org/apache/cxf/bus/spring/Jsr250BeanPostProcessor.java
org.apache.cxf.interceptor.StaxInEndingInterceptor	/home/nima/Desktop/taint-docker/table4/annotator/cxf/core/src/main/java/org/apache/cxf/interceptor/StaxInEndingInterceptor.java
org.apache.cxf.configuration.spring.SimpleBeanDefinitionParser	/home/nima/Desktop/taint-docker/table4/annotator/cxf/core/src/main/java/org/apache/cxf/configuration/spring/SimpleBeanDefinitionParser.java
org.apache.cxf.attachment.AttachmentDataSource	/home/nima/Desktop/taint-docker/table4/annotator/cxf/core/src/main/java/org/apache/cxf/attachment/AttachmentDataSource.java
org.apache.cxf.ws.addressing.VersionTransformer	/home/nima/Desktop/taint-docker/table4/annotator/cxf/core/src/main/java/org/apache/cxf/ws/addressing/VersionTransformer.java
org.apache.cxf.ws.addressing.VersionTransformer$Names200408	/home/nima/Desktop/taint-docker/table4/annotator/cxf/core/src/main/java/org/apache/cxf/ws/addressing/VersionTransformer.java
org.apache.cxf.ws.addressing.VersionTransformer$Names200403	/home/nima/Desktop/taint-docker/table4/annotator/cxf/core/src/main/java/org/apache/cxf/ws/addressing/VersionTransformer.java
org.apache.cxf.interceptor.security.callback.CallbackHandlerProviderUsernameToken	/home/nima/Desktop/taint-docker/table4/annotator/cxf/core/src/main/java/org/apache/cxf/interceptor/security/callback/CallbackHandlerProviderUsernameToken.java
org.apache.cxf.bus.managers.DestinationFactoryManagerImpl	/home/nima/Desktop/taint-docker/table4/annotator/cxf/core/src/main/java/org/apache/cxf/bus/managers/DestinationFactoryManagerImpl.java
org.apache.cxf.io.WriteOnCloseOutputStream	/home/nima/Desktop/taint-docker/table4/annotator/cxf/core/src/main/java/org/apache/cxf/io/WriteOnCloseOutputStream.java
org.apache.cxf.common.util.PackageUtils	/home/nima/Desktop/taint-docker/table4/annotator/cxf/core/src/main/java/org/apache/cxf/common/util/PackageUtils.java
org.apache.cxf.interceptor.StaxInInterceptor	/home/nima/Desktop/taint-docker/table4/annotator/cxf/core/src/main/java/org/apache/cxf/interceptor/StaxInInterceptor.java
org.apache.cxf.transport.TransportURIResolver	/home/nima/Desktop/taint-docker/table4/annotator/cxf/core/src/main/java/org/apache/cxf/transport/TransportURIResolver.java
org.apache.cxf.transport.TransportURIResolver$1	/home/nima/Desktop/taint-docker/table4/annotator/cxf/core/src/main/java/org/apache/cxf/transport/TransportURIResolver.java
org.apache.cxf.staxutils.OverlayW3CDOMStreamWriter	/home/nima/Desktop/taint-docker/table4/annotator/cxf/core/src/main/java/org/apache/cxf/staxutils/OverlayW3CDOMStreamWriter.java
org.apache.cxf.buslifecycle.BusCreationListener	/home/nima/Desktop/taint-docker/table4/annotator/cxf/core/src/main/java/org/apache/cxf/buslifecycle/BusCreationListener.java
org.apache.cxf.common.util.SpringClassUnwrapper	/home/nima/Desktop/taint-docker/table4/annotator/cxf/core/src/main/java/org/apache/cxf/common/util/SpringClassUnwrapper.java
org.apache.cxf.version.Version	/home/nima/Desktop/taint-docker/table4/annotator/cxf/core/src/main/java/org/apache/cxf/version/Version.java
org.apache.cxf.feature.transform.XSLTInInterceptor	/home/nima/Desktop/taint-docker/table4/annotator/cxf/core/src/main/java/org/apache/cxf/feature/transform/XSLTInInterceptor.java
org.apache.cxf.databinding.source.XMLStreamDataReader	/home/nima/Desktop/taint-docker/table4/annotator/cxf/core/src/main/java/org/apache/cxf/databinding/source/XMLStreamDataReader.java
org.apache.cxf.databinding.source.XMLStreamDataReader$1	/home/nima/Desktop/taint-docker/table4/annotator/cxf/core/src/main/java/org/apache/cxf/databinding/source/XMLStreamDataReader.java
org.apache.cxf.databinding.source.XMLStreamDataReader$2	/home/nima/Desktop/taint-docker/table4/annotator/cxf/core/src/main/java/org/apache/cxf/databinding/source/XMLStreamDataReader.java
org.apache.cxf.databinding.source.XMLStreamDataReader$NUllOutputStream	/home/nima/Desktop/taint-docker/table4/annotator/cxf/core/src/main/java/org/apache/cxf/databinding/source/XMLStreamDataReader.java
org.apache.cxf.configuration.NullConfigurer	/home/nima/Desktop/taint-docker/table4/annotator/cxf/core/src/main/java/org/apache/cxf/configuration/NullConfigurer.java
org.apache.cxf.bus.managers.WorkQueueImplMBeanWrapper	/home/nima/Desktop/taint-docker/table4/annotator/cxf/core/src/main/java/org/apache/cxf/bus/managers/WorkQueueImplMBeanWrapper.java
org.apache.cxf.message.MessageUtils	/home/nima/Desktop/taint-docker/table4/annotator/cxf/core/src/main/java/org/apache/cxf/message/MessageUtils.java
org.apache.cxf.ws.addressing.FaultAction	/home/nima/Desktop/taint-docker/table4/annotator/cxf/core/src/main/java/org/apache/cxf/ws/addressing/FaultAction.java
org.apache.cxf.catalog.CatalogXmlSchemaURIResolver	/home/nima/Desktop/taint-docker/table4/annotator/cxf/core/src/main/java/org/apache/cxf/catalog/CatalogXmlSchemaURIResolver.java
org.apache.cxf.staxutils.W3CDOMStreamReader	/home/nima/Desktop/taint-docker/table4/annotator/cxf/core/src/main/java/org/apache/cxf/staxutils/W3CDOMStreamReader.java
org.apache.cxf.staxutils.W3CDOMStreamReader$1	/home/nima/Desktop/taint-docker/table4/annotator/cxf/core/src/main/java/org/apache/cxf/staxutils/W3CDOMStreamReader.java
org.apache.cxf.staxutils.W3CDOMStreamReader$2	/home/nima/Desktop/taint-docker/table4/annotator/cxf/core/src/main/java/org/apache/cxf/staxutils/W3CDOMStreamReader.java
org.apache.cxf.staxutils.AbstractDOMStreamReader	/home/nima/Desktop/taint-docker/table4/annotator/cxf/core/src/main/java/org/apache/cxf/staxutils/AbstractDOMStreamReader.java
org.apache.cxf.staxutils.AbstractDOMStreamReader$ElementFrame	/home/nima/Desktop/taint-docker/table4/annotator/cxf/core/src/main/java/org/apache/cxf/staxutils/AbstractDOMStreamReader.java
org.apache.cxf.staxutils.AbstractDOMStreamReader$1	/home/nima/Desktop/taint-docker/table4/annotator/cxf/core/src/main/java/org/apache/cxf/staxutils/AbstractDOMStreamReader.java
org.apache.cxf.staxutils.W3CNamespaceContext	/home/nima/Desktop/taint-docker/table4/annotator/cxf/core/src/main/java/org/apache/cxf/staxutils/W3CNamespaceContext.java
org.apache.cxf.resource.ClasspathResolver	/home/nima/Desktop/taint-docker/table4/annotator/cxf/core/src/main/java/org/apache/cxf/resource/ClasspathResolver.java
org.apache.cxf.interceptor.security.callback.CallbackHandlerTlsCert	/home/nima/Desktop/taint-docker/table4/annotator/cxf/core/src/main/java/org/apache/cxf/interceptor/security/callback/CallbackHandlerTlsCert.java
org.apache.cxf.interceptor.security.callback.CallbackHandlerTlsCert$1	/home/nima/Desktop/taint-docker/table4/annotator/cxf/core/src/main/java/org/apache/cxf/interceptor/security/callback/CallbackHandlerTlsCert.java
org.apache.cxf.interceptor.security.callback.CallbackHandlerTlsCert$2	/home/nima/Desktop/taint-docker/table4/annotator/cxf/core/src/main/java/org/apache/cxf/interceptor/security/callback/CallbackHandlerTlsCert.java
org.apache.cxf.staxutils.CachingXmlEventWriter	/home/nima/Desktop/taint-docker/table4/annotator/cxf/core/src/main/java/org/apache/cxf/staxutils/CachingXmlEventWriter.java
org.apache.cxf.staxutils.CachingXmlEventWriter$NSContext	/home/nima/Desktop/taint-docker/table4/annotator/cxf/core/src/main/java/org/apache/cxf/staxutils/CachingXmlEventWriter.java
org.apache.cxf.resource.ClassLoaderResolver	/home/nima/Desktop/taint-docker/table4/annotator/cxf/core/src/main/java/org/apache/cxf/resource/ClassLoaderResolver.java
org.apache.cxf.bus.spring.BusWiringBeanFactoryPostProcessor	/home/nima/Desktop/taint-docker/table4/annotator/cxf/core/src/main/java/org/apache/cxf/bus/spring/BusWiringBeanFactoryPostProcessor.java
org.apache.cxf.common.util.SortedArraySet	/home/nima/Desktop/taint-docker/table4/annotator/cxf/core/src/main/java/org/apache/cxf/common/util/SortedArraySet.java
org.apache.cxf.common.util.SortedArraySet$SASIterator	/home/nima/Desktop/taint-docker/table4/annotator/cxf/core/src/main/java/org/apache/cxf/common/util/SortedArraySet.java
org.apache.cxf.configuration.spring.ConfigurerImpl	/home/nima/Desktop/taint-docker/table4/annotator/cxf/core/src/main/java/org/apache/cxf/configuration/spring/ConfigurerImpl.java
org.apache.cxf.configuration.spring.ConfigurerImpl$MatcherHolder	/home/nima/Desktop/taint-docker/table4/annotator/cxf/core/src/main/java/org/apache/cxf/configuration/spring/ConfigurerImpl.java
org.apache.cxf.configuration.spring.ConfigurerImpl$1	/home/nima/Desktop/taint-docker/table4/annotator/cxf/core/src/main/java/org/apache/cxf/configuration/spring/ConfigurerImpl.java
org.apache.cxf.common.util.SpringClasspathScanner	/home/nima/Desktop/taint-docker/table4/annotator/cxf/core/src/main/java/org/apache/cxf/common/util/SpringClasspathScanner.java
org.apache.cxf.bus.spring.BusEntityResolver	/home/nima/Desktop/taint-docker/table4/annotator/cxf/core/src/main/java/org/apache/cxf/bus/spring/BusEntityResolver.java
org.apache.cxf.staxutils.XMLStreamReaderWrapper	/home/nima/Desktop/taint-docker/table4/annotator/cxf/core/src/main/java/org/apache/cxf/staxutils/XMLStreamReaderWrapper.java
org.apache.cxf.logging.NoOpFaultListener	/home/nima/Desktop/taint-docker/table4/annotator/cxf/core/src/main/java/org/apache/cxf/logging/NoOpFaultListener.java
org.apache.cxf.ws.addressing.ContextJAXBUtils	/home/nima/Desktop/taint-docker/table4/annotator/cxf/core/src/main/java/org/apache/cxf/ws/addressing/ContextJAXBUtils.java
org.apache.cxf.databinding.stax.XMLStreamWriterCallback	/home/nima/Desktop/taint-docker/table4/annotator/cxf/core/src/main/java/org/apache/cxf/databinding/stax/XMLStreamWriterCallback.java
org.apache.cxf.staxutils.FragmentStreamReader	/home/nima/Desktop/taint-docker/table4/annotator/cxf/core/src/main/java/org/apache/cxf/staxutils/FragmentStreamReader.java
org.apache.cxf.common.util.CacheMap	/home/nima/Desktop/taint-docker/table4/annotator/cxf/core/src/main/java/org/apache/cxf/common/util/CacheMap.java
